hazard,filename,rp,rcp,epoch,gcm,key,url
coastal,inuncoast_historical_wtsub_hist_rp0001_5.tif,1,baseline,baseline,None,inuncoast_historical_wtsub_hist_rp0001_5,http://wri-projects.s3.amazonaws.com/AqueductFloodTool/download/v2/inuncoast_historical_wtsub_hist_rp0001_5.tif
coastal,inuncoast_historical_wtsub_hist_rp0002_0.tif,2,baseline,baseline,None,inuncoast_historical_wtsub_hist_rp0002_0,http://wri-projects.s3.amazonaws.com/AqueductFloodTool/download/v2/inuncoast_historical_wtsub_hist_rp0002_0.tif
coastal,inuncoast_historical_wtsub_hist_rp0005_0.tif,5,baseline,baseline,None,inuncoast_historical_wtsub_hist_rp0005_0,http://wri-projects.s3.amazonaws.com/AqueductFloodTool/download/v2/inuncoast_historical_wtsub_hist_rp0005_0.tif
coastal,inuncoast_historical_wtsub_hist_rp0010_0.tif,10,baseline,baseline,None,inuncoast_historical_wtsub_hist_rp0010_0,http://wri-projects.s3.amazonaws.com/AqueductFloodTool/download/v2/inuncoast_historical_wtsub_hist_rp0010_0.tif
coastal,inuncoast_historical_wtsub_hist_rp0025_0.tif,25,baseline,baseline,None,inuncoast_historical_wtsub_hist_rp0025_0,http://wri-projects.s3.amazonaws.com/AqueductFloodTool/download/v2/inuncoast_historical_wtsub_hist_rp0025_0.tif
coastal,inuncoast_historical_wtsub_hist_rp0050_0.tif,50,baseline,baseline,None,inuncoast_historical_wtsub_hist_rp0050_0,http://wri-projects.s3.amazonaws.com/AqueductFloodTool/download/v2/inuncoast_historical_wtsub_hist_rp0050_0.tif
coastal,inuncoast_historical_wtsub_hist_rp0100_0.tif,100,baseline,baseline,None,inuncoast_historical_wtsub_hist_rp0100_0,http://wri-projects.s3.amazonaws.com/AqueductFloodTool/download/v2/inuncoast_historical_wtsub_hist_rp0100_0.tif
coastal,inuncoast_historical_wtsub_hist_rp0250_0.tif,250,baseline,baseline,None,inuncoast_historical_wtsub_hist_rp0250_0,http://wri-projects.s3.amazonaws.com/AqueductFloodTool/download/v2/inuncoast_historical_wtsub_hist_rp0250_0.tif
coastal,inuncoast_historical_wtsub_hist_rp0500_0.tif,500,baseline,baseline,None,inuncoast_historical_wtsub_hist_rp0500_0,http://wri-projects.s3.amazonaws.com/AqueductFloodTool/download/v2/inuncoast_historical_wtsub_hist_rp0500_0.tif
coastal,inuncoast_historical_wtsub_hist_rp1000_0.tif,1000,baseline,baseline,None,inuncoast_historical_wtsub_hist_rp1000_0,http://wri-projects.s3.amazonaws.com/AqueductFloodTool/download/v2/inuncoast_historical_wtsub_hist_rp1000_0.tif
coastal,inuncoast_rcp4p5_wtsub_2030_rp0001_5.tif,1,4.5,2030,None,inuncoast_rcp4p5_wtsub_2030_rp0001_5,http://wri-projects.s3.amazonaws.com/AqueductFloodTool/download/v2/inuncoast_rcp4p5_wtsub_2030_rp0001_5.tif
coastal,inuncoast_rcp4p5_wtsub_2030_rp0002_0.tif,2,4.5,2030,None,inuncoast_rcp4p5_wtsub_2030_rp0002_0,http://wri-projects.s3.amazonaws.com/AqueductFloodTool/download/v2/inuncoast_rcp4p5_wtsub_2030_rp0002_0.tif
coastal,inuncoast_rcp4p5_wtsub_2030_rp0005_0.tif,5,4.5,2030,None,inuncoast_rcp4p5_wtsub_2030_rp0005_0,http://wri-projects.s3.amazonaws.com/AqueductFloodTool/download/v2/inuncoast_rcp4p5_wtsub_2030_rp0005_0.tif
coastal,inuncoast_rcp4p5_wtsub_2030_rp0010_0.tif,10,4.5,2030,None,inuncoast_rcp4p5_wtsub_2030_rp0010_0,http://wri-projects.s3.amazonaws.com/AqueductFloodTool/download/v2/inuncoast_rcp4p5_wtsub_2030_rp0010_0.tif
coastal,inuncoast_rcp4p5_wtsub_2030_rp0025_0.tif,25,4.5,2030,None,inuncoast_rcp4p5_wtsub_2030_rp0025_0,http://wri-projects.s3.amazonaws.com/AqueductFloodTool/download/v2/inuncoast_rcp4p5_wtsub_2030_rp0025_0.tif
coastal,inuncoast_rcp4p5_wtsub_2030_rp0050_0.tif,50,4.5,2030,None,inuncoast_rcp4p5_wtsub_2030_rp0050_0,http://wri-projects.s3.amazonaws.com/AqueductFloodTool/download/v2/inuncoast_rcp4p5_wtsub_2030_rp0050_0.tif
coastal,inuncoast_rcp4p5_wtsub_2030_rp0100_0.tif,100,4.5,2030,None,inuncoast_rcp4p5_wtsub_2030_rp0100_0,http://wri-projects.s3.amazonaws.com/AqueductFloodTool/download/v2/inuncoast_rcp4p5_wtsub_2030_rp0100_0.tif
coastal,inuncoast_rcp4p5_wtsub_2030_rp0250_0.tif,250,4.5,2030,None,inuncoast_rcp4p5_wtsub_2030_rp0250_0,http://wri-projects.s3.amazonaws.com/AqueductFloodTool/download/v2/inuncoast_rcp4p5_wtsub_2030_rp0250_0.tif
coastal,inuncoast_rcp4p5_wtsub_2030_rp0500_0.tif,500,4.5,2030,None,inuncoast_rcp4p5_wtsub_2030_rp0500_0,http://wri-projects.s3.amazonaws.com/AqueductFloodTool/download/v2/inuncoast_rcp4p5_wtsub_2030_rp0500_0.tif
coastal,inuncoast_rcp4p5_wtsub_2030_rp1000_0.tif,1000,4.5,2030,None,inuncoast_rcp4p5_wtsub_2030_rp1000_0,http://wri-projects.s3.amazonaws.com/AqueductFloodTool/download/v2/inuncoast_rcp4p5_wtsub_2030_rp1000_0.tif
coastal,inuncoast_rcp4p5_wtsub_2050_rp0001_5.tif,1,4.5,2050,None,inuncoast_rcp4p5_wtsub_2050_rp0001_5,http://wri-projects.s3.amazonaws.com/AqueductFloodTool/download/v2/inuncoast_rcp4p5_wtsub_2050_rp0001_5.tif
coastal,inuncoast_rcp4p5_wtsub_2050_rp0002_0.tif,2,4.5,2050,None,inuncoast_rcp4p5_wtsub_2050_rp0002_0,http://wri-projects.s3.amazonaws.com/AqueductFloodTool/download/v2/inuncoast_rcp4p5_wtsub_2050_rp0002_0.tif
coastal,inuncoast_rcp4p5_wtsub_2050_rp0005_0.tif,5,4.5,2050,None,inuncoast_rcp4p5_wtsub_2050_rp0005_0,http://wri-projects.s3.amazonaws.com/AqueductFloodTool/download/v2/inuncoast_rcp4p5_wtsub_2050_rp0005_0.tif
coastal,inuncoast_rcp4p5_wtsub_2050_rp0010_0.tif,10,4.5,2050,None,inuncoast_rcp4p5_wtsub_2050_rp0010_0,http://wri-projects.s3.amazonaws.com/AqueductFloodTool/download/v2/inuncoast_rcp4p5_wtsub_2050_rp0010_0.tif
coastal,inuncoast_rcp4p5_wtsub_2050_rp0025_0.tif,25,4.5,2050,None,inuncoast_rcp4p5_wtsub_2050_rp0025_0,http://wri-projects.s3.amazonaws.com/AqueductFloodTool/download/v2/inuncoast_rcp4p5_wtsub_2050_rp0025_0.tif
coastal,inuncoast_rcp4p5_wtsub_2050_rp0050_0.tif,50,4.5,2050,None,inuncoast_rcp4p5_wtsub_2050_rp0050_0,http://wri-projects.s3.amazonaws.com/AqueductFloodTool/download/v2/inuncoast_rcp4p5_wtsub_2050_rp0050_0.tif
coastal,inuncoast_rcp4p5_wtsub_2050_rp0100_0.tif,100,4.5,2050,None,inuncoast_rcp4p5_wtsub_2050_rp0100_0,http://wri-projects.s3.amazonaws.com/AqueductFloodTool/download/v2/inuncoast_rcp4p5_wtsub_2050_rp0100_0.tif
coastal,inuncoast_rcp4p5_wtsub_2050_rp0250_0.tif,250,4.5,2050,None,inuncoast_rcp4p5_wtsub_2050_rp0250_0,http://wri-projects.s3.amazonaws.com/AqueductFloodTool/download/v2/inuncoast_rcp4p5_wtsub_2050_rp0250_0.tif
coastal,inuncoast_rcp4p5_wtsub_2050_rp0500_0.tif,500,4.5,2050,None,inuncoast_rcp4p5_wtsub_2050_rp0500_0,http://wri-projects.s3.amazonaws.com/AqueductFloodTool/download/v2/inuncoast_rcp4p5_wtsub_2050_rp0500_0.tif
coastal,inuncoast_rcp4p5_wtsub_2050_rp1000_0.tif,1000,4.5,2050,None,inuncoast_rcp4p5_wtsub_2050_rp1000_0,http://wri-projects.s3.amazonaws.com/AqueductFloodTool/download/v2/inuncoast_rcp4p5_wtsub_2050_rp1000_0.tif
coastal,inuncoast_rcp4p5_wtsub_2080_rp0001_5.tif,1,4.5,2080,None,inuncoast_rcp4p5_wtsub_2080_rp0001_5,http://wri-projects.s3.amazonaws.com/AqueductFloodTool/download/v2/inuncoast_rcp4p5_wtsub_2080_rp0001_5.tif
coastal,inuncoast_rcp4p5_wtsub_2080_rp0002_0.tif,2,4.5,2080,None,inuncoast_rcp4p5_wtsub_2080_rp0002_0,http://wri-projects.s3.amazonaws.com/AqueductFloodTool/download/v2/inuncoast_rcp4p5_wtsub_2080_rp0002_0.tif
coastal,inuncoast_rcp4p5_wtsub_2080_rp0005_0.tif,5,4.5,2080,None,inuncoast_rcp4p5_wtsub_2080_rp0005_0,http://wri-projects.s3.amazonaws.com/AqueductFloodTool/download/v2/inuncoast_rcp4p5_wtsub_2080_rp0005_0.tif
coastal,inuncoast_rcp4p5_wtsub_2080_rp0010_0.tif,10,4.5,2080,None,inuncoast_rcp4p5_wtsub_2080_rp0010_0,http://wri-projects.s3.amazonaws.com/AqueductFloodTool/download/v2/inuncoast_rcp4p5_wtsub_2080_rp0010_0.tif
coastal,inuncoast_rcp4p5_wtsub_2080_rp0025_0.tif,25,4.5,2080,None,inuncoast_rcp4p5_wtsub_2080_rp0025_0,http://wri-projects.s3.amazonaws.com/AqueductFloodTool/download/v2/inuncoast_rcp4p5_wtsub_2080_rp0025_0.tif
coastal,inuncoast_rcp4p5_wtsub_2080_rp0050_0.tif,50,4.5,2080,None,inuncoast_rcp4p5_wtsub_2080_rp0050_0,http://wri-projects.s3.amazonaws.com/AqueductFloodTool/download/v2/inuncoast_rcp4p5_wtsub_2080_rp0050_0.tif
coastal,inuncoast_rcp4p5_wtsub_2080_rp0100_0.tif,100,4.5,2080,None,inuncoast_rcp4p5_wtsub_2080_rp0100_0,http://wri-projects.s3.amazonaws.com/AqueductFloodTool/download/v2/inuncoast_rcp4p5_wtsub_2080_rp0100_0.tif
coastal,inuncoast_rcp4p5_wtsub_2080_rp0250_0.tif,250,4.5,2080,None,inuncoast_rcp4p5_wtsub_2080_rp0250_0,http://wri-projects.s3.amazonaws.com/AqueductFloodTool/download/v2/inuncoast_rcp4p5_wtsub_2080_rp0250_0.tif
coastal,inuncoast_rcp4p5_wtsub_2080_rp0500_0.tif,500,4.5,2080,None,inuncoast_rcp4p5_wtsub_2080_rp0500_0,http://wri-projects.s3.amazonaws.com/AqueductFloodTool/download/v2/inuncoast_rcp4p5_wtsub_2080_rp0500_0.tif
coastal,inuncoast_rcp4p5_wtsub_2080_rp1000_0.tif,1000,4.5,2080,None,inuncoast_rcp4p5_wtsub_2080_rp1000_0,http://wri-projects.s3.amazonaws.com/AqueductFloodTool/download/v2/inuncoast_rcp4p5_wtsub_2080_rp1000_0.tif
coastal,inuncoast_rcp8p5_wtsub_2030_rp0001_5.tif,1,8.5,2030,None,inuncoast_rcp8p5_wtsub_2030_rp0001_5,http://wri-projects.s3.amazonaws.com/AqueductFloodTool/download/v2/inuncoast_rcp8p5_wtsub_2030_rp0001_5.tif
coastal,inuncoast_rcp8p5_wtsub_2030_rp0002_0.tif,2,8.5,2030,None,inuncoast_rcp8p5_wtsub_2030_rp0002_0,http://wri-projects.s3.amazonaws.com/AqueductFloodTool/download/v2/inuncoast_rcp8p5_wtsub_2030_rp0002_0.tif
coastal,inuncoast_rcp8p5_wtsub_2030_rp0005_0.tif,5,8.5,2030,None,inuncoast_rcp8p5_wtsub_2030_rp0005_0,http://wri-projects.s3.amazonaws.com/AqueductFloodTool/download/v2/inuncoast_rcp8p5_wtsub_2030_rp0005_0.tif
coastal,inuncoast_rcp8p5_wtsub_2030_rp0010_0.tif,10,8.5,2030,None,inuncoast_rcp8p5_wtsub_2030_rp0010_0,http://wri-projects.s3.amazonaws.com/AqueductFloodTool/download/v2/inuncoast_rcp8p5_wtsub_2030_rp0010_0.tif
coastal,inuncoast_rcp8p5_wtsub_2030_rp0025_0.tif,25,8.5,2030,None,inuncoast_rcp8p5_wtsub_2030_rp0025_0,http://wri-projects.s3.amazonaws.com/AqueductFloodTool/download/v2/inuncoast_rcp8p5_wtsub_2030_rp0025_0.tif
coastal,inuncoast_rcp8p5_wtsub_2030_rp0050_0.tif,50,8.5,2030,None,inuncoast_rcp8p5_wtsub_2030_rp0050_0,http://wri-projects.s3.amazonaws.com/AqueductFloodTool/download/v2/inuncoast_rcp8p5_wtsub_2030_rp0050_0.tif
coastal,inuncoast_rcp8p5_wtsub_2030_rp0100_0.tif,100,8.5,2030,None,inuncoast_rcp8p5_wtsub_2030_rp0100_0,http://wri-projects.s3.amazonaws.com/AqueductFloodTool/download/v2/inuncoast_rcp8p5_wtsub_2030_rp0100_0.tif
coastal,inuncoast_rcp8p5_wtsub_2030_rp0250_0.tif,250,8.5,2030,None,inuncoast_rcp8p5_wtsub_2030_rp0250_0,http://wri-projects.s3.amazonaws.com/AqueductFloodTool/download/v2/inuncoast_rcp8p5_wtsub_2030_rp0250_0.tif
coastal,inuncoast_rcp8p5_wtsub_2030_rp0500_0.tif,500,8.5,2030,None,inuncoast_rcp8p5_wtsub_2030_rp0500_0,http://wri-projects.s3.amazonaws.com/AqueductFloodTool/download/v2/inuncoast_rcp8p5_wtsub_2030_rp0500_0.tif
coastal,inuncoast_rcp8p5_wtsub_2030_rp1000_0.tif,1000,8.5,2030,None,inuncoast_rcp8p5_wtsub_2030_rp1000_0,http://wri-projects.s3.amazonaws.com/AqueductFloodTool/download/v2/inuncoast_rcp8p5_wtsub_2030_rp1000_0.tif
coastal,inuncoast_rcp8p5_wtsub_2050_rp0001_5.tif,1,8.5,2050,None,inuncoast_rcp8p5_wtsub_2050_rp0001_5,http://wri-projects.s3.amazonaws.com/AqueductFloodTool/download/v2/inuncoast_rcp8p5_wtsub_2050_rp0001_5.tif
coastal,inuncoast_rcp8p5_wtsub_2050_rp0002_0.tif,2,8.5,2050,None,inuncoast_rcp8p5_wtsub_2050_rp0002_0,http://wri-projects.s3.amazonaws.com/AqueductFloodTool/download/v2/inuncoast_rcp8p5_wtsub_2050_rp0002_0.tif
coastal,inuncoast_rcp8p5_wtsub_2050_rp0005_0.tif,5,8.5,2050,None,inuncoast_rcp8p5_wtsub_2050_rp0005_0,http://wri-projects.s3.amazonaws.com/AqueductFloodTool/download/v2/inuncoast_rcp8p5_wtsub_2050_rp0005_0.tif
coastal,inuncoast_rcp8p5_wtsub_2050_rp0010_0.tif,10,8.5,2050,None,inuncoast_rcp8p5_wtsub_2050_rp0010_0,http://wri-projects.s3.amazonaws.com/AqueductFloodTool/download/v2/inuncoast_rcp8p5_wtsub_2050_rp0010_0.tif
coastal,inuncoast_rcp8p5_wtsub_2050_rp0025_0.tif,25,8.5,2050,None,inuncoast_rcp8p5_wtsub_2050_rp0025_0,http://wri-projects.s3.amazonaws.com/AqueductFloodTool/download/v2/inuncoast_rcp8p5_wtsub_2050_rp0025_0.tif
coastal,inuncoast_rcp8p5_wtsub_2050_rp0050_0.tif,50,8.5,2050,None,inuncoast_rcp8p5_wtsub_2050_rp0050_0,http://wri-projects.s3.amazonaws.com/AqueductFloodTool/download/v2/inuncoast_rcp8p5_wtsub_2050_rp0050_0.tif
coastal,inuncoast_rcp8p5_wtsub_2050_rp0100_0.tif,100,8.5,2050,None,inuncoast_rcp8p5_wtsub_2050_rp0100_0,http://wri-projects.s3.amazonaws.com/AqueductFloodTool/download/v2/inuncoast_rcp8p5_wtsub_2050_rp0100_0.tif
coastal,inuncoast_rcp8p5_wtsub_2050_rp0250_0.tif,250,8.5,2050,None,inuncoast_rcp8p5_wtsub_2050_rp0250_0,http://wri-projects.s3.amazonaws.com/AqueductFloodTool/download/v2/inuncoast_rcp8p5_wtsub_2050_rp0250_0.tif
coastal,inuncoast_rcp8p5_wtsub_2050_rp0500_0.tif,500,8.5,2050,None,inuncoast_rcp8p5_wtsub_2050_rp0500_0,http://wri-projects.s3.amazonaws.com/AqueductFloodTool/download/v2/inuncoast_rcp8p5_wtsub_2050_rp0500_0.tif
coastal,inuncoast_rcp8p5_wtsub_2050_rp1000_0.tif,1000,8.5,2050,None,inuncoast_rcp8p5_wtsub_2050_rp1000_0,http://wri-projects.s3.amazonaws.com/AqueductFloodTool/download/v2/inuncoast_rcp8p5_wtsub_2050_rp1000_0.tif
coastal,inuncoast_rcp8p5_wtsub_2080_rp0001_5.tif,1,8.5,2080,None,inuncoast_rcp8p5_wtsub_2080_rp0001_5,http://wri-projects.s3.amazonaws.com/AqueductFloodTool/download/v2/inuncoast_rcp8p5_wtsub_2080_rp0001_5.tif
coastal,inuncoast_rcp8p5_wtsub_2080_rp0002_0.tif,2,8.5,2080,None,inuncoast_rcp8p5_wtsub_2080_rp0002_0,http://wri-projects.s3.amazonaws.com/AqueductFloodTool/download/v2/inuncoast_rcp8p5_wtsub_2080_rp0002_0.tif
coastal,inuncoast_rcp8p5_wtsub_2080_rp0005_0.tif,5,8.5,2080,None,inuncoast_rcp8p5_wtsub_2080_rp0005_0,http://wri-projects.s3.amazonaws.com/AqueductFloodTool/download/v2/inuncoast_rcp8p5_wtsub_2080_rp0005_0.tif
coastal,inuncoast_rcp8p5_wtsub_2080_rp0010_0.tif,10,8.5,2080,None,inuncoast_rcp8p5_wtsub_2080_rp0010_0,http://wri-projects.s3.amazonaws.com/AqueductFloodTool/download/v2/inuncoast_rcp8p5_wtsub_2080_rp0010_0.tif
coastal,inuncoast_rcp8p5_wtsub_2080_rp0025_0.tif,25,8.5,2080,None,inuncoast_rcp8p5_wtsub_2080_rp0025_0,http://wri-projects.s3.amazonaws.com/AqueductFloodTool/download/v2/inuncoast_rcp8p5_wtsub_2080_rp0025_0.tif
coastal,inuncoast_rcp8p5_wtsub_2080_rp0050_0.tif,50,8.5,2080,None,inuncoast_rcp8p5_wtsub_2080_rp0050_0,http://wri-projects.s3.amazonaws.com/AqueductFloodTool/download/v2/inuncoast_rcp8p5_wtsub_2080_rp0050_0.tif
coastal,inuncoast_rcp8p5_wtsub_2080_rp0100_0.tif,100,8.5,2080,None,inuncoast_rcp8p5_wtsub_2080_rp0100_0,http://wri-projects.s3.amazonaws.com/AqueductFloodTool/download/v2/inuncoast_rcp8p5_wtsub_2080_rp0100_0.tif
coastal,inuncoast_rcp8p5_wtsub_2080_rp0250_0.tif,250,8.5,2080,None,inuncoast_rcp8p5_wtsub_2080_rp0250_0,http://wri-projects.s3.amazonaws.com/AqueductFloodTool/download/v2/inuncoast_rcp8p5_wtsub_2080_rp0250_0.tif
coastal,inuncoast_rcp8p5_wtsub_2080_rp0500_0.tif,500,8.5,2080,None,inuncoast_rcp8p5_wtsub_2080_rp0500_0,http://wri-projects.s3.amazonaws.com/AqueductFloodTool/download/v2/inuncoast_rcp8p5_wtsub_2080_rp0500_0.tif
coastal,inuncoast_rcp8p5_wtsub_2080_rp1000_0.tif,1000,8.5,2080,None,inuncoast_rcp8p5_wtsub_2080_rp1000_0,http://wri-projects.s3.amazonaws.com/AqueductFloodTool/download/v2/inuncoast_rcp8p5_wtsub_2080_rp1000_0.tif
fluvial,inunriver_historical_000000000WATCH_1980_rp00002.tif,2,baseline,baseline,WATCH,inunriver_historical_000000000WATCH_1980_rp00002,http://wri-projects.s3.amazonaws.com/AqueductFloodTool/download/v2/inunriver_historical_000000000WATCH_1980_rp00002.tif
fluvial,inunriver_historical_000000000WATCH_1980_rp00005.tif,5,baseline,baseline,WATCH,inunriver_historical_000000000WATCH_1980_rp00005,http://wri-projects.s3.amazonaws.com/AqueductFloodTool/download/v2/inunriver_historical_000000000WATCH_1980_rp00005.tif
fluvial,inunriver_historical_000000000WATCH_1980_rp00010.tif,10,baseline,baseline,WATCH,inunriver_historical_000000000WATCH_1980_rp00010,http://wri-projects.s3.amazonaws.com/AqueductFloodTool/download/v2/inunriver_historical_000000000WATCH_1980_rp00010.tif
fluvial,inunriver_historical_000000000WATCH_1980_rp00025.tif,25,baseline,baseline,WATCH,inunriver_historical_000000000WATCH_1980_rp00025,http://wri-projects.s3.amazonaws.com/AqueductFloodTool/download/v2/inunriver_historical_000000000WATCH_1980_rp00025.tif
fluvial,inunriver_historical_000000000WATCH_1980_rp00050.tif,50,baseline,baseline,WATCH,inunriver_historical_000000000WATCH_1980_rp00050,http://wri-projects.s3.amazonaws.com/AqueductFloodTool/download/v2/inunriver_historical_000000000WATCH_1980_rp00050.tif
fluvial,inunriver_historical_000000000WATCH_1980_rp00100.tif,100,baseline,baseline,WATCH,inunriver_historical_000000000WATCH_1980_rp00100,http://wri-projects.s3.amazonaws.com/AqueductFloodTool/download/v2/inunriver_historical_000000000WATCH_1980_rp00100.tif
fluvial,inunriver_historical_000000000WATCH_1980_rp00250.tif,250,baseline,baseline,WATCH,inunriver_historical_000000000WATCH_1980_rp00250,http://wri-projects.s3.amazonaws.com/AqueductFloodTool/download/v2/inunriver_historical_000000000WATCH_1980_rp00250.tif
fluvial,inunriver_historical_000000000WATCH_1980_rp00500.tif,500,baseline,baseline,WATCH,inunriver_historical_000000000WATCH_1980_rp00500,http://wri-projects.s3.amazonaws.com/AqueductFloodTool/download/v2/inunriver_historical_000000000WATCH_1980_rp00500.tif
fluvial,inunriver_historical_000000000WATCH_1980_rp01000.tif,1000,baseline,baseline,WATCH,inunriver_historical_000000000WATCH_1980_rp01000,http://wri-projects.s3.amazonaws.com/AqueductFloodTool/download/v2/inunriver_historical_000000000WATCH_1980_rp01000.tif
fluvial,inunriver_rcp4p5_00000NorESM1-M_2030_rp00002.tif,2,4.5,2030,NorESM1-M,inunriver_rcp4p5_00000NorESM1-M_2030_rp00002,http://wri-projects.s3.amazonaws.com/AqueductFloodTool/download/v2/inunriver_rcp4p5_00000NorESM1-M_2030_rp00002.tif
fluvial,inunriver_rcp4p5_00000NorESM1-M_2030_rp00005.tif,5,4.5,2030,NorESM1-M,inunriver_rcp4p5_00000NorESM1-M_2030_rp00005,http://wri-projects.s3.amazonaws.com/AqueductFloodTool/download/v2/inunriver_rcp4p5_00000NorESM1-M_2030_rp00005.tif
fluvial,inunriver_rcp4p5_00000NorESM1-M_2030_rp00010.tif,10,4.5,2030,NorESM1-M,inunriver_rcp4p5_00000NorESM1-M_2030_rp00010,http://wri-projects.s3.amazonaws.com/AqueductFloodTool/download/v2/inunriver_rcp4p5_00000NorESM1-M_2030_rp00010.tif
fluvial,inunriver_rcp4p5_00000NorESM1-M_2030_rp00025.tif,25,4.5,2030,NorESM1-M,inunriver_rcp4p5_00000NorESM1-M_2030_rp00025,http://wri-projects.s3.amazonaws.com/AqueductFloodTool/download/v2/inunriver_rcp4p5_00000NorESM1-M_2030_rp00025.tif
fluvial,inunriver_rcp4p5_00000NorESM1-M_2030_rp00050.tif,50,4.5,2030,NorESM1-M,inunriver_rcp4p5_00000NorESM1-M_2030_rp00050,http://wri-projects.s3.amazonaws.com/AqueductFloodTool/download/v2/inunriver_rcp4p5_00000NorESM1-M_2030_rp00050.tif
fluvial,inunriver_rcp4p5_00000NorESM1-M_2030_rp00100.tif,100,4.5,2030,NorESM1-M,inunriver_rcp4p5_00000NorESM1-M_2030_rp00100,http://wri-projects.s3.amazonaws.com/AqueductFloodTool/download/v2/inunriver_rcp4p5_00000NorESM1-M_2030_rp00100.tif
fluvial,inunriver_rcp4p5_00000NorESM1-M_2030_rp00250.tif,250,4.5,2030,NorESM1-M,inunriver_rcp4p5_00000NorESM1-M_2030_rp00250,http://wri-projects.s3.amazonaws.com/AqueductFloodTool/download/v2/inunriver_rcp4p5_00000NorESM1-M_2030_rp00250.tif
fluvial,inunriver_rcp4p5_00000NorESM1-M_2030_rp00500.tif,500,4.5,2030,NorESM1-M,inunriver_rcp4p5_00000NorESM1-M_2030_rp00500,http://wri-projects.s3.amazonaws.com/AqueductFloodTool/download/v2/inunriver_rcp4p5_00000NorESM1-M_2030_rp00500.tif
fluvial,inunriver_rcp4p5_00000NorESM1-M_2030_rp01000.tif,1000,4.5,2030,NorESM1-M,inunriver_rcp4p5_00000NorESM1-M_2030_rp01000,http://wri-projects.s3.amazonaws.com/AqueductFloodTool/download/v2/inunriver_rcp4p5_00000NorESM1-M_2030_rp01000.tif
fluvial,inunriver_rcp4p5_00000NorESM1-M_2050_rp00002.tif,2,4.5,2050,NorESM1-M,inunriver_rcp4p5_00000NorESM1-M_2050_rp00002,http://wri-projects.s3.amazonaws.com/AqueductFloodTool/download/v2/inunriver_rcp4p5_00000NorESM1-M_2050_rp00002.tif
fluvial,inunriver_rcp4p5_00000NorESM1-M_2050_rp00005.tif,5,4.5,2050,NorESM1-M,inunriver_rcp4p5_00000NorESM1-M_2050_rp00005,http://wri-projects.s3.amazonaws.com/AqueductFloodTool/download/v2/inunriver_rcp4p5_00000NorESM1-M_2050_rp00005.tif
fluvial,inunriver_rcp4p5_00000NorESM1-M_2050_rp00010.tif,10,4.5,2050,NorESM1-M,inunriver_rcp4p5_00000NorESM1-M_2050_rp00010,http://wri-projects.s3.amazonaws.com/AqueductFloodTool/download/v2/inunriver_rcp4p5_00000NorESM1-M_2050_rp00010.tif
fluvial,inunriver_rcp4p5_00000NorESM1-M_2050_rp00025.tif,25,4.5,2050,NorESM1-M,inunriver_rcp4p5_00000NorESM1-M_2050_rp00025,http://wri-projects.s3.amazonaws.com/AqueductFloodTool/download/v2/inunriver_rcp4p5_00000NorESM1-M_2050_rp00025.tif
fluvial,inunriver_rcp4p5_00000NorESM1-M_2050_rp00050.tif,50,4.5,2050,NorESM1-M,inunriver_rcp4p5_00000NorESM1-M_2050_rp00050,http://wri-projects.s3.amazonaws.com/AqueductFloodTool/download/v2/inunriver_rcp4p5_00000NorESM1-M_2050_rp00050.tif
fluvial,inunriver_rcp4p5_00000NorESM1-M_2050_rp00100.tif,100,4.5,2050,NorESM1-M,inunriver_rcp4p5_00000NorESM1-M_2050_rp00100,http://wri-projects.s3.amazonaws.com/AqueductFloodTool/download/v2/inunriver_rcp4p5_00000NorESM1-M_2050_rp00100.tif
fluvial,inunriver_rcp4p5_00000NorESM1-M_2050_rp00250.tif,250,4.5,2050,NorESM1-M,inunriver_rcp4p5_00000NorESM1-M_2050_rp00250,http://wri-projects.s3.amazonaws.com/AqueductFloodTool/download/v2/inunriver_rcp4p5_00000NorESM1-M_2050_rp00250.tif
fluvial,inunriver_rcp4p5_00000NorESM1-M_2050_rp00500.tif,500,4.5,2050,NorESM1-M,inunriver_rcp4p5_00000NorESM1-M_2050_rp00500,http://wri-projects.s3.amazonaws.com/AqueductFloodTool/download/v2/inunriver_rcp4p5_00000NorESM1-M_2050_rp00500.tif
fluvial,inunriver_rcp4p5_00000NorESM1-M_2050_rp01000.tif,1000,4.5,2050,NorESM1-M,inunriver_rcp4p5_00000NorESM1-M_2050_rp01000,http://wri-projects.s3.amazonaws.com/AqueductFloodTool/download/v2/inunriver_rcp4p5_00000NorESM1-M_2050_rp01000.tif
fluvial,inunriver_rcp4p5_00000NorESM1-M_2080_rp00002.tif,2,4.5,2080,NorESM1-M,inunriver_rcp4p5_00000NorESM1-M_2080_rp00002,http://wri-projects.s3.amazonaws.com/AqueductFloodTool/download/v2/inunriver_rcp4p5_00000NorESM1-M_2080_rp00002.tif
fluvial,inunriver_rcp4p5_00000NorESM1-M_2080_rp00005.tif,5,4.5,2080,NorESM1-M,inunriver_rcp4p5_00000NorESM1-M_2080_rp00005,http://wri-projects.s3.amazonaws.com/AqueductFloodTool/download/v2/inunriver_rcp4p5_00000NorESM1-M_2080_rp00005.tif
fluvial,inunriver_rcp4p5_00000NorESM1-M_2080_rp00010.tif,10,4.5,2080,NorESM1-M,inunriver_rcp4p5_00000NorESM1-M_2080_rp00010,http://wri-projects.s3.amazonaws.com/AqueductFloodTool/download/v2/inunriver_rcp4p5_00000NorESM1-M_2080_rp00010.tif
fluvial,inunriver_rcp4p5_00000NorESM1-M_2080_rp00025.tif,25,4.5,2080,NorESM1-M,inunriver_rcp4p5_00000NorESM1-M_2080_rp00025,http://wri-projects.s3.amazonaws.com/AqueductFloodTool/download/v2/inunriver_rcp4p5_00000NorESM1-M_2080_rp00025.tif
fluvial,inunriver_rcp4p5_00000NorESM1-M_2080_rp00050.tif,50,4.5,2080,NorESM1-M,inunriver_rcp4p5_00000NorESM1-M_2080_rp00050,http://wri-projects.s3.amazonaws.com/AqueductFloodTool/download/v2/inunriver_rcp4p5_00000NorESM1-M_2080_rp00050.tif
fluvial,inunriver_rcp4p5_00000NorESM1-M_2080_rp00100.tif,100,4.5,2080,NorESM1-M,inunriver_rcp4p5_00000NorESM1-M_2080_rp00100,http://wri-projects.s3.amazonaws.com/AqueductFloodTool/download/v2/inunriver_rcp4p5_00000NorESM1-M_2080_rp00100.tif
fluvial,inunriver_rcp4p5_00000NorESM1-M_2080_rp00250.tif,250,4.5,2080,NorESM1-M,inunriver_rcp4p5_00000NorESM1-M_2080_rp00250,http://wri-projects.s3.amazonaws.com/AqueductFloodTool/download/v2/inunriver_rcp4p5_00000NorESM1-M_2080_rp00250.tif
fluvial,inunriver_rcp4p5_00000NorESM1-M_2080_rp00500.tif,500,4.5,2080,NorESM1-M,inunriver_rcp4p5_00000NorESM1-M_2080_rp00500,http://wri-projects.s3.amazonaws.com/AqueductFloodTool/download/v2/inunriver_rcp4p5_00000NorESM1-M_2080_rp00500.tif
fluvial,inunriver_rcp4p5_00000NorESM1-M_2080_rp01000.tif,1000,4.5,2080,NorESM1-M,inunriver_rcp4p5_00000NorESM1-M_2080_rp01000,http://wri-projects.s3.amazonaws.com/AqueductFloodTool/download/v2/inunriver_rcp4p5_00000NorESM1-M_2080_rp01000.tif
fluvial,inunriver_rcp4p5_0000GFDL-ESM2M_2030_rp00002.tif,2,4.5,2030,GFDL-ESM2M,inunriver_rcp4p5_0000GFDL-ESM2M_2030_rp00002,http://wri-projects.s3.amazonaws.com/AqueductFloodTool/download/v2/inunriver_rcp4p5_0000GFDL-ESM2M_2030_rp00002.tif
fluvial,inunriver_rcp4p5_0000GFDL-ESM2M_2030_rp00005.tif,5,4.5,2030,GFDL-ESM2M,inunriver_rcp4p5_0000GFDL-ESM2M_2030_rp00005,http://wri-projects.s3.amazonaws.com/AqueductFloodTool/download/v2/inunriver_rcp4p5_0000GFDL-ESM2M_2030_rp00005.tif
fluvial,inunriver_rcp4p5_0000GFDL-ESM2M_2030_rp00010.tif,10,4.5,2030,GFDL-ESM2M,inunriver_rcp4p5_0000GFDL-ESM2M_2030_rp00010,http://wri-projects.s3.amazonaws.com/AqueductFloodTool/download/v2/inunriver_rcp4p5_0000GFDL-ESM2M_2030_rp00010.tif
fluvial,inunriver_rcp4p5_0000GFDL-ESM2M_2030_rp00025.tif,25,4.5,2030,GFDL-ESM2M,inunriver_rcp4p5_0000GFDL-ESM2M_2030_rp00025,http://wri-projects.s3.amazonaws.com/AqueductFloodTool/download/v2/inunriver_rcp4p5_0000GFDL-ESM2M_2030_rp00025.tif
fluvial,inunriver_rcp4p5_0000GFDL-ESM2M_2030_rp00050.tif,50,4.5,2030,GFDL-ESM2M,inunriver_rcp4p5_0000GFDL-ESM2M_2030_rp00050,http://wri-projects.s3.amazonaws.com/AqueductFloodTool/download/v2/inunriver_rcp4p5_0000GFDL-ESM2M_2030_rp00050.tif
fluvial,inunriver_rcp4p5_0000GFDL-ESM2M_2030_rp00100.tif,100,4.5,2030,GFDL-ESM2M,inunriver_rcp4p5_0000GFDL-ESM2M_2030_rp00100,http://wri-projects.s3.amazonaws.com/AqueductFloodTool/download/v2/inunriver_rcp4p5_0000GFDL-ESM2M_2030_rp00100.tif
fluvial,inunriver_rcp4p5_0000GFDL-ESM2M_2030_rp00250.tif,250,4.5,2030,GFDL-ESM2M,inunriver_rcp4p5_0000GFDL-ESM2M_2030_rp00250,http://wri-projects.s3.amazonaws.com/AqueductFloodTool/download/v2/inunriver_rcp4p5_0000GFDL-ESM2M_2030_rp00250.tif
fluvial,inunriver_rcp4p5_0000GFDL-ESM2M_2030_rp00500.tif,500,4.5,2030,GFDL-ESM2M,inunriver_rcp4p5_0000GFDL-ESM2M_2030_rp00500,http://wri-projects.s3.amazonaws.com/AqueductFloodTool/download/v2/inunriver_rcp4p5_0000GFDL-ESM2M_2030_rp00500.tif
fluvial,inunriver_rcp4p5_0000GFDL-ESM2M_2030_rp01000.tif,1000,4.5,2030,GFDL-ESM2M,inunriver_rcp4p5_0000GFDL-ESM2M_2030_rp01000,http://wri-projects.s3.amazonaws.com/AqueductFloodTool/download/v2/inunriver_rcp4p5_0000GFDL-ESM2M_2030_rp01000.tif
fluvial,inunriver_rcp4p5_0000GFDL-ESM2M_2050_rp00002.tif,2,4.5,2050,GFDL-ESM2M,inunriver_rcp4p5_0000GFDL-ESM2M_2050_rp00002,http://wri-projects.s3.amazonaws.com/AqueductFloodTool/download/v2/inunriver_rcp4p5_0000GFDL-ESM2M_2050_rp00002.tif
fluvial,inunriver_rcp4p5_0000GFDL-ESM2M_2050_rp00005.tif,5,4.5,2050,GFDL-ESM2M,inunriver_rcp4p5_0000GFDL-ESM2M_2050_rp00005,http://wri-projects.s3.amazonaws.com/AqueductFloodTool/download/v2/inunriver_rcp4p5_0000GFDL-ESM2M_2050_rp00005.tif
fluvial,inunriver_rcp4p5_0000GFDL-ESM2M_2050_rp00010.tif,10,4.5,2050,GFDL-ESM2M,inunriver_rcp4p5_0000GFDL-ESM2M_2050_rp00010,http://wri-projects.s3.amazonaws.com/AqueductFloodTool/download/v2/inunriver_rcp4p5_0000GFDL-ESM2M_2050_rp00010.tif
fluvial,inunriver_rcp4p5_0000GFDL-ESM2M_2050_rp00025.tif,25,4.5,2050,GFDL-ESM2M,inunriver_rcp4p5_0000GFDL-ESM2M_2050_rp00025,http://wri-projects.s3.amazonaws.com/AqueductFloodTool/download/v2/inunriver_rcp4p5_0000GFDL-ESM2M_2050_rp00025.tif
fluvial,inunriver_rcp4p5_0000GFDL-ESM2M_2050_rp00050.tif,50,4.5,2050,GFDL-ESM2M,inunriver_rcp4p5_0000GFDL-ESM2M_2050_rp00050,http://wri-projects.s3.amazonaws.com/AqueductFloodTool/download/v2/inunriver_rcp4p5_0000GFDL-ESM2M_2050_rp00050.tif
fluvial,inunriver_rcp4p5_0000GFDL-ESM2M_2050_rp00100.tif,100,4.5,2050,GFDL-ESM2M,inunriver_rcp4p5_0000GFDL-ESM2M_2050_rp00100,http://wri-projects.s3.amazonaws.com/AqueductFloodTool/download/v2/inunriver_rcp4p5_0000GFDL-ESM2M_2050_rp00100.tif
fluvial,inunriver_rcp4p5_0000GFDL-ESM2M_2050_rp00250.tif,250,4.5,2050,GFDL-ESM2M,inunriver_rcp4p5_0000GFDL-ESM2M_2050_rp00250,http://wri-projects.s3.amazonaws.com/AqueductFloodTool/download/v2/inunriver_rcp4p5_0000GFDL-ESM2M_2050_rp00250.tif
fluvial,inunriver_rcp4p5_0000GFDL-ESM2M_2050_rp00500.tif,500,4.5,2050,GFDL-ESM2M,inunriver_rcp4p5_0000GFDL-ESM2M_2050_rp00500,http://wri-projects.s3.amazonaws.com/AqueductFloodTool/download/v2/inunriver_rcp4p5_0000GFDL-ESM2M_2050_rp00500.tif
fluvial,inunriver_rcp4p5_0000GFDL-ESM2M_2050_rp01000.tif,1000,4.5,2050,GFDL-ESM2M,inunriver_rcp4p5_0000GFDL-ESM2M_2050_rp01000,http://wri-projects.s3.amazonaws.com/AqueductFloodTool/download/v2/inunriver_rcp4p5_0000GFDL-ESM2M_2050_rp01000.tif
fluvial,inunriver_rcp4p5_0000GFDL-ESM2M_2080_rp00002.tif,2,4.5,2080,GFDL-ESM2M,inunriver_rcp4p5_0000GFDL-ESM2M_2080_rp00002,http://wri-projects.s3.amazonaws.com/AqueductFloodTool/download/v2/inunriver_rcp4p5_0000GFDL-ESM2M_2080_rp00002.tif
fluvial,inunriver_rcp4p5_0000GFDL-ESM2M_2080_rp00005.tif,5,4.5,2080,GFDL-ESM2M,inunriver_rcp4p5_0000GFDL-ESM2M_2080_rp00005,http://wri-projects.s3.amazonaws.com/AqueductFloodTool/download/v2/inunriver_rcp4p5_0000GFDL-ESM2M_2080_rp00005.tif
fluvial,inunriver_rcp4p5_0000GFDL-ESM2M_2080_rp00010.tif,10,4.5,2080,GFDL-ESM2M,inunriver_rcp4p5_0000GFDL-ESM2M_2080_rp00010,http://wri-projects.s3.amazonaws.com/AqueductFloodTool/download/v2/inunriver_rcp4p5_0000GFDL-ESM2M_2080_rp00010.tif
fluvial,inunriver_rcp4p5_0000GFDL-ESM2M_2080_rp00025.tif,25,4.5,2080,GFDL-ESM2M,inunriver_rcp4p5_0000GFDL-ESM2M_2080_rp00025,http://wri-projects.s3.amazonaws.com/AqueductFloodTool/download/v2/inunriver_rcp4p5_0000GFDL-ESM2M_2080_rp00025.tif
fluvial,inunriver_rcp4p5_0000GFDL-ESM2M_2080_rp00050.tif,50,4.5,2080,GFDL-ESM2M,inunriver_rcp4p5_0000GFDL-ESM2M_2080_rp00050,http://wri-projects.s3.amazonaws.com/AqueductFloodTool/download/v2/inunriver_rcp4p5_0000GFDL-ESM2M_2080_rp00050.tif
fluvial,inunriver_rcp4p5_0000GFDL-ESM2M_2080_rp00100.tif,100,4.5,2080,GFDL-ESM2M,inunriver_rcp4p5_0000GFDL-ESM2M_2080_rp00100,http://wri-projects.s3.amazonaws.com/AqueductFloodTool/download/v2/inunriver_rcp4p5_0000GFDL-ESM2M_2080_rp00100.tif
fluvial,inunriver_rcp4p5_0000GFDL-ESM2M_2080_rp00250.tif,250,4.5,2080,GFDL-ESM2M,inunriver_rcp4p5_0000GFDL-ESM2M_2080_rp00250,http://wri-projects.s3.amazonaws.com/AqueductFloodTool/download/v2/inunriver_rcp4p5_0000GFDL-ESM2M_2080_rp00250.tif
fluvial,inunriver_rcp4p5_0000GFDL-ESM2M_2080_rp00500.tif,500,4.5,2080,GFDL-ESM2M,inunriver_rcp4p5_0000GFDL-ESM2M_2080_rp00500,http://wri-projects.s3.amazonaws.com/AqueductFloodTool/download/v2/inunriver_rcp4p5_0000GFDL-ESM2M_2080_rp00500.tif
fluvial,inunriver_rcp4p5_0000GFDL-ESM2M_2080_rp01000.tif,1000,4.5,2080,GFDL-ESM2M,inunriver_rcp4p5_0000GFDL-ESM2M_2080_rp01000,http://wri-projects.s3.amazonaws.com/AqueductFloodTool/download/v2/inunriver_rcp4p5_0000GFDL-ESM2M_2080_rp01000.tif
fluvial,inunriver_rcp4p5_0000HadGEM2-ES_2030_rp00002.tif,2,4.5,2030,HadGEM2-ES,inunriver_rcp4p5_0000HadGEM2-ES_2030_rp00002,http://wri-projects.s3.amazonaws.com/AqueductFloodTool/download/v2/inunriver_rcp4p5_0000HadGEM2-ES_2030_rp00002.tif
fluvial,inunriver_rcp4p5_0000HadGEM2-ES_2030_rp00005.tif,5,4.5,2030,HadGEM2-ES,inunriver_rcp4p5_0000HadGEM2-ES_2030_rp00005,http://wri-projects.s3.amazonaws.com/AqueductFloodTool/download/v2/inunriver_rcp4p5_0000HadGEM2-ES_2030_rp00005.tif
fluvial,inunriver_rcp4p5_0000HadGEM2-ES_2030_rp00010.tif,10,4.5,2030,HadGEM2-ES,inunriver_rcp4p5_0000HadGEM2-ES_2030_rp00010,http://wri-projects.s3.amazonaws.com/AqueductFloodTool/download/v2/inunriver_rcp4p5_0000HadGEM2-ES_2030_rp00010.tif
fluvial,inunriver_rcp4p5_0000HadGEM2-ES_2030_rp00025.tif,25,4.5,2030,HadGEM2-ES,inunriver_rcp4p5_0000HadGEM2-ES_2030_rp00025,http://wri-projects.s3.amazonaws.com/AqueductFloodTool/download/v2/inunriver_rcp4p5_0000HadGEM2-ES_2030_rp00025.tif
fluvial,inunriver_rcp4p5_0000HadGEM2-ES_2030_rp00050.tif,50,4.5,2030,HadGEM2-ES,inunriver_rcp4p5_0000HadGEM2-ES_2030_rp00050,http://wri-projects.s3.amazonaws.com/AqueductFloodTool/download/v2/inunriver_rcp4p5_0000HadGEM2-ES_2030_rp00050.tif
fluvial,inunriver_rcp4p5_0000HadGEM2-ES_2030_rp00100.tif,100,4.5,2030,HadGEM2-ES,inunriver_rcp4p5_0000HadGEM2-ES_2030_rp00100,http://wri-projects.s3.amazonaws.com/AqueductFloodTool/download/v2/inunriver_rcp4p5_0000HadGEM2-ES_2030_rp00100.tif
fluvial,inunriver_rcp4p5_0000HadGEM2-ES_2030_rp00250.tif,250,4.5,2030,HadGEM2-ES,inunriver_rcp4p5_0000HadGEM2-ES_2030_rp00250,http://wri-projects.s3.amazonaws.com/AqueductFloodTool/download/v2/inunriver_rcp4p5_0000HadGEM2-ES_2030_rp00250.tif
fluvial,inunriver_rcp4p5_0000HadGEM2-ES_2030_rp00500.tif,500,4.5,2030,HadGEM2-ES,inunriver_rcp4p5_0000HadGEM2-ES_2030_rp00500,http://wri-projects.s3.amazonaws.com/AqueductFloodTool/download/v2/inunriver_rcp4p5_0000HadGEM2-ES_2030_rp00500.tif
fluvial,inunriver_rcp4p5_0000HadGEM2-ES_2030_rp01000.tif,1000,4.5,2030,HadGEM2-ES,inunriver_rcp4p5_0000HadGEM2-ES_2030_rp01000,http://wri-projects.s3.amazonaws.com/AqueductFloodTool/download/v2/inunriver_rcp4p5_0000HadGEM2-ES_2030_rp01000.tif
fluvial,inunriver_rcp4p5_0000HadGEM2-ES_2050_rp00002.tif,2,4.5,2050,HadGEM2-ES,inunriver_rcp4p5_0000HadGEM2-ES_2050_rp00002,http://wri-projects.s3.amazonaws.com/AqueductFloodTool/download/v2/inunriver_rcp4p5_0000HadGEM2-ES_2050_rp00002.tif
fluvial,inunriver_rcp4p5_0000HadGEM2-ES_2050_rp00005.tif,5,4.5,2050,HadGEM2-ES,inunriver_rcp4p5_0000HadGEM2-ES_2050_rp00005,http://wri-projects.s3.amazonaws.com/AqueductFloodTool/download/v2/inunriver_rcp4p5_0000HadGEM2-ES_2050_rp00005.tif
fluvial,inunriver_rcp4p5_0000HadGEM2-ES_2050_rp00010.tif,10,4.5,2050,HadGEM2-ES,inunriver_rcp4p5_0000HadGEM2-ES_2050_rp00010,http://wri-projects.s3.amazonaws.com/AqueductFloodTool/download/v2/inunriver_rcp4p5_0000HadGEM2-ES_2050_rp00010.tif
fluvial,inunriver_rcp4p5_0000HadGEM2-ES_2050_rp00025.tif,25,4.5,2050,HadGEM2-ES,inunriver_rcp4p5_0000HadGEM2-ES_2050_rp00025,http://wri-projects.s3.amazonaws.com/AqueductFloodTool/download/v2/inunriver_rcp4p5_0000HadGEM2-ES_2050_rp00025.tif
fluvial,inunriver_rcp4p5_0000HadGEM2-ES_2050_rp00050.tif,50,4.5,2050,HadGEM2-ES,inunriver_rcp4p5_0000HadGEM2-ES_2050_rp00050,http://wri-projects.s3.amazonaws.com/AqueductFloodTool/download/v2/inunriver_rcp4p5_0000HadGEM2-ES_2050_rp00050.tif
fluvial,inunriver_rcp4p5_0000HadGEM2-ES_2050_rp00100.tif,100,4.5,2050,HadGEM2-ES,inunriver_rcp4p5_0000HadGEM2-ES_2050_rp00100,http://wri-projects.s3.amazonaws.com/AqueductFloodTool/download/v2/inunriver_rcp4p5_0000HadGEM2-ES_2050_rp00100.tif
fluvial,inunriver_rcp4p5_0000HadGEM2-ES_2050_rp00250.tif,250,4.5,2050,HadGEM2-ES,inunriver_rcp4p5_0000HadGEM2-ES_2050_rp00250,http://wri-projects.s3.amazonaws.com/AqueductFloodTool/download/v2/inunriver_rcp4p5_0000HadGEM2-ES_2050_rp00250.tif
fluvial,inunriver_rcp4p5_0000HadGEM2-ES_2050_rp00500.tif,500,4.5,2050,HadGEM2-ES,inunriver_rcp4p5_0000HadGEM2-ES_2050_rp00500,http://wri-projects.s3.amazonaws.com/AqueductFloodTool/download/v2/inunriver_rcp4p5_0000HadGEM2-ES_2050_rp00500.tif
fluvial,inunriver_rcp4p5_0000HadGEM2-ES_2050_rp01000.tif,1000,4.5,2050,HadGEM2-ES,inunriver_rcp4p5_0000HadGEM2-ES_2050_rp01000,http://wri-projects.s3.amazonaws.com/AqueductFloodTool/download/v2/inunriver_rcp4p5_0000HadGEM2-ES_2050_rp01000.tif
fluvial,inunriver_rcp4p5_0000HadGEM2-ES_2080_rp00002.tif,2,4.5,2080,HadGEM2-ES,inunriver_rcp4p5_0000HadGEM2-ES_2080_rp00002,http://wri-projects.s3.amazonaws.com/AqueductFloodTool/download/v2/inunriver_rcp4p5_0000HadGEM2-ES_2080_rp00002.tif
fluvial,inunriver_rcp4p5_0000HadGEM2-ES_2080_rp00005.tif,5,4.5,2080,HadGEM2-ES,inunriver_rcp4p5_0000HadGEM2-ES_2080_rp00005,http://wri-projects.s3.amazonaws.com/AqueductFloodTool/download/v2/inunriver_rcp4p5_0000HadGEM2-ES_2080_rp00005.tif
fluvial,inunriver_rcp4p5_0000HadGEM2-ES_2080_rp00010.tif,10,4.5,2080,HadGEM2-ES,inunriver_rcp4p5_0000HadGEM2-ES_2080_rp00010,http://wri-projects.s3.amazonaws.com/AqueductFloodTool/download/v2/inunriver_rcp4p5_0000HadGEM2-ES_2080_rp00010.tif
fluvial,inunriver_rcp4p5_0000HadGEM2-ES_2080_rp00025.tif,25,4.5,2080,HadGEM2-ES,inunriver_rcp4p5_0000HadGEM2-ES_2080_rp00025,http://wri-projects.s3.amazonaws.com/AqueductFloodTool/download/v2/inunriver_rcp4p5_0000HadGEM2-ES_2080_rp00025.tif
fluvial,inunriver_rcp4p5_0000HadGEM2-ES_2080_rp00050.tif,50,4.5,2080,HadGEM2-ES,inunriver_rcp4p5_0000HadGEM2-ES_2080_rp00050,http://wri-projects.s3.amazonaws.com/AqueductFloodTool/download/v2/inunriver_rcp4p5_0000HadGEM2-ES_2080_rp00050.tif
fluvial,inunriver_rcp4p5_0000HadGEM2-ES_2080_rp00100.tif,100,4.5,2080,HadGEM2-ES,inunriver_rcp4p5_0000HadGEM2-ES_2080_rp00100,http://wri-projects.s3.amazonaws.com/AqueductFloodTool/download/v2/inunriver_rcp4p5_0000HadGEM2-ES_2080_rp00100.tif
fluvial,inunriver_rcp4p5_0000HadGEM2-ES_2080_rp00250.tif,250,4.5,2080,HadGEM2-ES,inunriver_rcp4p5_0000HadGEM2-ES_2080_rp00250,http://wri-projects.s3.amazonaws.com/AqueductFloodTool/download/v2/inunriver_rcp4p5_0000HadGEM2-ES_2080_rp00250.tif
fluvial,inunriver_rcp4p5_0000HadGEM2-ES_2080_rp00500.tif,500,4.5,2080,HadGEM2-ES,inunriver_rcp4p5_0000HadGEM2-ES_2080_rp00500,http://wri-projects.s3.amazonaws.com/AqueductFloodTool/download/v2/inunriver_rcp4p5_0000HadGEM2-ES_2080_rp00500.tif
fluvial,inunriver_rcp4p5_0000HadGEM2-ES_2080_rp01000.tif,1000,4.5,2080,HadGEM2-ES,inunriver_rcp4p5_0000HadGEM2-ES_2080_rp01000,http://wri-projects.s3.amazonaws.com/AqueductFloodTool/download/v2/inunriver_rcp4p5_0000HadGEM2-ES_2080_rp01000.tif
fluvial,inunriver_rcp4p5_00IPSL-CM5A-LR_2030_rp00002.tif,2,4.5,2030,IPSL-CM5A-LR,inunriver_rcp4p5_00IPSL-CM5A-LR_2030_rp00002,http://wri-projects.s3.amazonaws.com/AqueductFloodTool/download/v2/inunriver_rcp4p5_00IPSL-CM5A-LR_2030_rp00002.tif
fluvial,inunriver_rcp4p5_00IPSL-CM5A-LR_2030_rp00005.tif,5,4.5,2030,IPSL-CM5A-LR,inunriver_rcp4p5_00IPSL-CM5A-LR_2030_rp00005,http://wri-projects.s3.amazonaws.com/AqueductFloodTool/download/v2/inunriver_rcp4p5_00IPSL-CM5A-LR_2030_rp00005.tif
fluvial,inunriver_rcp4p5_00IPSL-CM5A-LR_2030_rp00010.tif,10,4.5,2030,IPSL-CM5A-LR,inunriver_rcp4p5_00IPSL-CM5A-LR_2030_rp00010,http://wri-projects.s3.amazonaws.com/AqueductFloodTool/download/v2/inunriver_rcp4p5_00IPSL-CM5A-LR_2030_rp00010.tif
fluvial,inunriver_rcp4p5_00IPSL-CM5A-LR_2030_rp00025.tif,25,4.5,2030,IPSL-CM5A-LR,inunriver_rcp4p5_00IPSL-CM5A-LR_2030_rp00025,http://wri-projects.s3.amazonaws.com/AqueductFloodTool/download/v2/inunriver_rcp4p5_00IPSL-CM5A-LR_2030_rp00025.tif
fluvial,inunriver_rcp4p5_00IPSL-CM5A-LR_2030_rp00050.tif,50,4.5,2030,IPSL-CM5A-LR,inunriver_rcp4p5_00IPSL-CM5A-LR_2030_rp00050,http://wri-projects.s3.amazonaws.com/AqueductFloodTool/download/v2/inunriver_rcp4p5_00IPSL-CM5A-LR_2030_rp00050.tif
fluvial,inunriver_rcp4p5_00IPSL-CM5A-LR_2030_rp00100.tif,100,4.5,2030,IPSL-CM5A-LR,inunriver_rcp4p5_00IPSL-CM5A-LR_2030_rp00100,http://wri-projects.s3.amazonaws.com/AqueductFloodTool/download/v2/inunriver_rcp4p5_00IPSL-CM5A-LR_2030_rp00100.tif
fluvial,inunriver_rcp4p5_00IPSL-CM5A-LR_2030_rp00250.tif,250,4.5,2030,IPSL-CM5A-LR,inunriver_rcp4p5_00IPSL-CM5A-LR_2030_rp00250,http://wri-projects.s3.amazonaws.com/AqueductFloodTool/download/v2/inunriver_rcp4p5_00IPSL-CM5A-LR_2030_rp00250.tif
fluvial,inunriver_rcp4p5_00IPSL-CM5A-LR_2030_rp00500.tif,500,4.5,2030,IPSL-CM5A-LR,inunriver_rcp4p5_00IPSL-CM5A-LR_2030_rp00500,http://wri-projects.s3.amazonaws.com/AqueductFloodTool/download/v2/inunriver_rcp4p5_00IPSL-CM5A-LR_2030_rp00500.tif
fluvial,inunriver_rcp4p5_00IPSL-CM5A-LR_2030_rp01000.tif,1000,4.5,2030,IPSL-CM5A-LR,inunriver_rcp4p5_00IPSL-CM5A-LR_2030_rp01000,http://wri-projects.s3.amazonaws.com/AqueductFloodTool/download/v2/inunriver_rcp4p5_00IPSL-CM5A-LR_2030_rp01000.tif
fluvial,inunriver_rcp4p5_00IPSL-CM5A-LR_2050_rp00002.tif,2,4.5,2050,IPSL-CM5A-LR,inunriver_rcp4p5_00IPSL-CM5A-LR_2050_rp00002,http://wri-projects.s3.amazonaws.com/AqueductFloodTool/download/v2/inunriver_rcp4p5_00IPSL-CM5A-LR_2050_rp00002.tif
fluvial,inunriver_rcp4p5_00IPSL-CM5A-LR_2050_rp00005.tif,5,4.5,2050,IPSL-CM5A-LR,inunriver_rcp4p5_00IPSL-CM5A-LR_2050_rp00005,http://wri-projects.s3.amazonaws.com/AqueductFloodTool/download/v2/inunriver_rcp4p5_00IPSL-CM5A-LR_2050_rp00005.tif
fluvial,inunriver_rcp4p5_00IPSL-CM5A-LR_2050_rp00010.tif,10,4.5,2050,IPSL-CM5A-LR,inunriver_rcp4p5_00IPSL-CM5A-LR_2050_rp00010,http://wri-projects.s3.amazonaws.com/AqueductFloodTool/download/v2/inunriver_rcp4p5_00IPSL-CM5A-LR_2050_rp00010.tif
fluvial,inunriver_rcp4p5_00IPSL-CM5A-LR_2050_rp00025.tif,25,4.5,2050,IPSL-CM5A-LR,inunriver_rcp4p5_00IPSL-CM5A-LR_2050_rp00025,http://wri-projects.s3.amazonaws.com/AqueductFloodTool/download/v2/inunriver_rcp4p5_00IPSL-CM5A-LR_2050_rp00025.tif
fluvial,inunriver_rcp4p5_00IPSL-CM5A-LR_2050_rp00050.tif,50,4.5,2050,IPSL-CM5A-LR,inunriver_rcp4p5_00IPSL-CM5A-LR_2050_rp00050,http://wri-projects.s3.amazonaws.com/AqueductFloodTool/download/v2/inunriver_rcp4p5_00IPSL-CM5A-LR_2050_rp00050.tif
fluvial,inunriver_rcp4p5_00IPSL-CM5A-LR_2050_rp00100.tif,100,4.5,2050,IPSL-CM5A-LR,inunriver_rcp4p5_00IPSL-CM5A-LR_2050_rp00100,http://wri-projects.s3.amazonaws.com/AqueductFloodTool/download/v2/inunriver_rcp4p5_00IPSL-CM5A-LR_2050_rp00100.tif
fluvial,inunriver_rcp4p5_00IPSL-CM5A-LR_2050_rp00250.tif,250,4.5,2050,IPSL-CM5A-LR,inunriver_rcp4p5_00IPSL-CM5A-LR_2050_rp00250,http://wri-projects.s3.amazonaws.com/AqueductFloodTool/download/v2/inunriver_rcp4p5_00IPSL-CM5A-LR_2050_rp00250.tif
fluvial,inunriver_rcp4p5_00IPSL-CM5A-LR_2050_rp00500.tif,500,4.5,2050,IPSL-CM5A-LR,inunriver_rcp4p5_00IPSL-CM5A-LR_2050_rp00500,http://wri-projects.s3.amazonaws.com/AqueductFloodTool/download/v2/inunriver_rcp4p5_00IPSL-CM5A-LR_2050_rp00500.tif
fluvial,inunriver_rcp4p5_00IPSL-CM5A-LR_2050_rp01000.tif,1000,4.5,2050,IPSL-CM5A-LR,inunriver_rcp4p5_00IPSL-CM5A-LR_2050_rp01000,http://wri-projects.s3.amazonaws.com/AqueductFloodTool/download/v2/inunriver_rcp4p5_00IPSL-CM5A-LR_2050_rp01000.tif
fluvial,inunriver_rcp4p5_00IPSL-CM5A-LR_2080_rp00002.tif,2,4.5,2080,IPSL-CM5A-LR,inunriver_rcp4p5_00IPSL-CM5A-LR_2080_rp00002,http://wri-projects.s3.amazonaws.com/AqueductFloodTool/download/v2/inunriver_rcp4p5_00IPSL-CM5A-LR_2080_rp00002.tif
fluvial,inunriver_rcp4p5_00IPSL-CM5A-LR_2080_rp00005.tif,5,4.5,2080,IPSL-CM5A-LR,inunriver_rcp4p5_00IPSL-CM5A-LR_2080_rp00005,http://wri-projects.s3.amazonaws.com/AqueductFloodTool/download/v2/inunriver_rcp4p5_00IPSL-CM5A-LR_2080_rp00005.tif
fluvial,inunriver_rcp4p5_00IPSL-CM5A-LR_2080_rp00010.tif,10,4.5,2080,IPSL-CM5A-LR,inunriver_rcp4p5_00IPSL-CM5A-LR_2080_rp00010,http://wri-projects.s3.amazonaws.com/AqueductFloodTool/download/v2/inunriver_rcp4p5_00IPSL-CM5A-LR_2080_rp00010.tif
fluvial,inunriver_rcp4p5_00IPSL-CM5A-LR_2080_rp00025.tif,25,4.5,2080,IPSL-CM5A-LR,inunriver_rcp4p5_00IPSL-CM5A-LR_2080_rp00025,http://wri-projects.s3.amazonaws.com/AqueductFloodTool/download/v2/inunriver_rcp4p5_00IPSL-CM5A-LR_2080_rp00025.tif
fluvial,inunriver_rcp4p5_00IPSL-CM5A-LR_2080_rp00050.tif,50,4.5,2080,IPSL-CM5A-LR,inunriver_rcp4p5_00IPSL-CM5A-LR_2080_rp00050,http://wri-projects.s3.amazonaws.com/AqueductFloodTool/download/v2/inunriver_rcp4p5_00IPSL-CM5A-LR_2080_rp00050.tif
fluvial,inunriver_rcp4p5_00IPSL-CM5A-LR_2080_rp00100.tif,100,4.5,2080,IPSL-CM5A-LR,inunriver_rcp4p5_00IPSL-CM5A-LR_2080_rp00100,http://wri-projects.s3.amazonaws.com/AqueductFloodTool/download/v2/inunriver_rcp4p5_00IPSL-CM5A-LR_2080_rp00100.tif
fluvial,inunriver_rcp4p5_00IPSL-CM5A-LR_2080_rp00250.tif,250,4.5,2080,IPSL-CM5A-LR,inunriver_rcp4p5_00IPSL-CM5A-LR_2080_rp00250,http://wri-projects.s3.amazonaws.com/AqueductFloodTool/download/v2/inunriver_rcp4p5_00IPSL-CM5A-LR_2080_rp00250.tif
fluvial,inunriver_rcp4p5_00IPSL-CM5A-LR_2080_rp00500.tif,500,4.5,2080,IPSL-CM5A-LR,inunriver_rcp4p5_00IPSL-CM5A-LR_2080_rp00500,http://wri-projects.s3.amazonaws.com/AqueductFloodTool/download/v2/inunriver_rcp4p5_00IPSL-CM5A-LR_2080_rp00500.tif
fluvial,inunriver_rcp4p5_00IPSL-CM5A-LR_2080_rp01000.tif,1000,4.5,2080,IPSL-CM5A-LR,inunriver_rcp4p5_00IPSL-CM5A-LR_2080_rp01000,http://wri-projects.s3.amazonaws.com/AqueductFloodTool/download/v2/inunriver_rcp4p5_00IPSL-CM5A-LR_2080_rp01000.tif
fluvial,inunriver_rcp4p5_MIROC-ESM-CHEM_2030_rp00002.tif,2,4.5,2030,MIROC-ESM-CHEM,inunriver_rcp4p5_MIROC-ESM-CHEM_2030_rp00002,http://wri-projects.s3.amazonaws.com/AqueductFloodTool/download/v2/inunriver_rcp4p5_MIROC-ESM-CHEM_2030_rp00002.tif
fluvial,inunriver_rcp4p5_MIROC-ESM-CHEM_2030_rp00005.tif,5,4.5,2030,MIROC-ESM-CHEM,inunriver_rcp4p5_MIROC-ESM-CHEM_2030_rp00005,http://wri-projects.s3.amazonaws.com/AqueductFloodTool/download/v2/inunriver_rcp4p5_MIROC-ESM-CHEM_2030_rp00005.tif
fluvial,inunriver_rcp4p5_MIROC-ESM-CHEM_2030_rp00010.tif,10,4.5,2030,MIROC-ESM-CHEM,inunriver_rcp4p5_MIROC-ESM-CHEM_2030_rp00010,http://wri-projects.s3.amazonaws.com/AqueductFloodTool/download/v2/inunriver_rcp4p5_MIROC-ESM-CHEM_2030_rp00010.tif
fluvial,inunriver_rcp4p5_MIROC-ESM-CHEM_2030_rp00025.tif,25,4.5,2030,MIROC-ESM-CHEM,inunriver_rcp4p5_MIROC-ESM-CHEM_2030_rp00025,http://wri-projects.s3.amazonaws.com/AqueductFloodTool/download/v2/inunriver_rcp4p5_MIROC-ESM-CHEM_2030_rp00025.tif
fluvial,inunriver_rcp4p5_MIROC-ESM-CHEM_2030_rp00050.tif,50,4.5,2030,MIROC-ESM-CHEM,inunriver_rcp4p5_MIROC-ESM-CHEM_2030_rp00050,http://wri-projects.s3.amazonaws.com/AqueductFloodTool/download/v2/inunriver_rcp4p5_MIROC-ESM-CHEM_2030_rp00050.tif
fluvial,inunriver_rcp4p5_MIROC-ESM-CHEM_2030_rp00100.tif,100,4.5,2030,MIROC-ESM-CHEM,inunriver_rcp4p5_MIROC-ESM-CHEM_2030_rp00100,http://wri-projects.s3.amazonaws.com/AqueductFloodTool/download/v2/inunriver_rcp4p5_MIROC-ESM-CHEM_2030_rp00100.tif
fluvial,inunriver_rcp4p5_MIROC-ESM-CHEM_2030_rp00250.tif,250,4.5,2030,MIROC-ESM-CHEM,inunriver_rcp4p5_MIROC-ESM-CHEM_2030_rp00250,http://wri-projects.s3.amazonaws.com/AqueductFloodTool/download/v2/inunriver_rcp4p5_MIROC-ESM-CHEM_2030_rp00250.tif
fluvial,inunriver_rcp4p5_MIROC-ESM-CHEM_2030_rp00500.tif,500,4.5,2030,MIROC-ESM-CHEM,inunriver_rcp4p5_MIROC-ESM-CHEM_2030_rp00500,http://wri-projects.s3.amazonaws.com/AqueductFloodTool/download/v2/inunriver_rcp4p5_MIROC-ESM-CHEM_2030_rp00500.tif
fluvial,inunriver_rcp4p5_MIROC-ESM-CHEM_2030_rp01000.tif,1000,4.5,2030,MIROC-ESM-CHEM,inunriver_rcp4p5_MIROC-ESM-CHEM_2030_rp01000,http://wri-projects.s3.amazonaws.com/AqueductFloodTool/download/v2/inunriver_rcp4p5_MIROC-ESM-CHEM_2030_rp01000.tif
fluvial,inunriver_rcp4p5_MIROC-ESM-CHEM_2050_rp00002.tif,2,4.5,2050,MIROC-ESM-CHEM,inunriver_rcp4p5_MIROC-ESM-CHEM_2050_rp00002,http://wri-projects.s3.amazonaws.com/AqueductFloodTool/download/v2/inunriver_rcp4p5_MIROC-ESM-CHEM_2050_rp00002.tif
fluvial,inunriver_rcp4p5_MIROC-ESM-CHEM_2050_rp00005.tif,5,4.5,2050,MIROC-ESM-CHEM,inunriver_rcp4p5_MIROC-ESM-CHEM_2050_rp00005,http://wri-projects.s3.amazonaws.com/AqueductFloodTool/download/v2/inunriver_rcp4p5_MIROC-ESM-CHEM_2050_rp00005.tif
fluvial,inunriver_rcp4p5_MIROC-ESM-CHEM_2050_rp00010.tif,10,4.5,2050,MIROC-ESM-CHEM,inunriver_rcp4p5_MIROC-ESM-CHEM_2050_rp00010,http://wri-projects.s3.amazonaws.com/AqueductFloodTool/download/v2/inunriver_rcp4p5_MIROC-ESM-CHEM_2050_rp00010.tif
fluvial,inunriver_rcp4p5_MIROC-ESM-CHEM_2050_rp00025.tif,25,4.5,2050,MIROC-ESM-CHEM,inunriver_rcp4p5_MIROC-ESM-CHEM_2050_rp00025,http://wri-projects.s3.amazonaws.com/AqueductFloodTool/download/v2/inunriver_rcp4p5_MIROC-ESM-CHEM_2050_rp00025.tif
fluvial,inunriver_rcp4p5_MIROC-ESM-CHEM_2050_rp00050.tif,50,4.5,2050,MIROC-ESM-CHEM,inunriver_rcp4p5_MIROC-ESM-CHEM_2050_rp00050,http://wri-projects.s3.amazonaws.com/AqueductFloodTool/download/v2/inunriver_rcp4p5_MIROC-ESM-CHEM_2050_rp00050.tif
fluvial,inunriver_rcp4p5_MIROC-ESM-CHEM_2050_rp00100.tif,100,4.5,2050,MIROC-ESM-CHEM,inunriver_rcp4p5_MIROC-ESM-CHEM_2050_rp00100,http://wri-projects.s3.amazonaws.com/AqueductFloodTool/download/v2/inunriver_rcp4p5_MIROC-ESM-CHEM_2050_rp00100.tif
fluvial,inunriver_rcp4p5_MIROC-ESM-CHEM_2050_rp00250.tif,250,4.5,2050,MIROC-ESM-CHEM,inunriver_rcp4p5_MIROC-ESM-CHEM_2050_rp00250,http://wri-projects.s3.amazonaws.com/AqueductFloodTool/download/v2/inunriver_rcp4p5_MIROC-ESM-CHEM_2050_rp00250.tif
fluvial,inunriver_rcp4p5_MIROC-ESM-CHEM_2050_rp00500.tif,500,4.5,2050,MIROC-ESM-CHEM,inunriver_rcp4p5_MIROC-ESM-CHEM_2050_rp00500,http://wri-projects.s3.amazonaws.com/AqueductFloodTool/download/v2/inunriver_rcp4p5_MIROC-ESM-CHEM_2050_rp00500.tif
fluvial,inunriver_rcp4p5_MIROC-ESM-CHEM_2050_rp01000.tif,1000,4.5,2050,MIROC-ESM-CHEM,inunriver_rcp4p5_MIROC-ESM-CHEM_2050_rp01000,http://wri-projects.s3.amazonaws.com/AqueductFloodTool/download/v2/inunriver_rcp4p5_MIROC-ESM-CHEM_2050_rp01000.tif
fluvial,inunriver_rcp4p5_MIROC-ESM-CHEM_2080_rp00002.tif,2,4.5,2080,MIROC-ESM-CHEM,inunriver_rcp4p5_MIROC-ESM-CHEM_2080_rp00002,http://wri-projects.s3.amazonaws.com/AqueductFloodTool/download/v2/inunriver_rcp4p5_MIROC-ESM-CHEM_2080_rp00002.tif
fluvial,inunriver_rcp4p5_MIROC-ESM-CHEM_2080_rp00005.tif,5,4.5,2080,MIROC-ESM-CHEM,inunriver_rcp4p5_MIROC-ESM-CHEM_2080_rp00005,http://wri-projects.s3.amazonaws.com/AqueductFloodTool/download/v2/inunriver_rcp4p5_MIROC-ESM-CHEM_2080_rp00005.tif
fluvial,inunriver_rcp4p5_MIROC-ESM-CHEM_2080_rp00010.tif,10,4.5,2080,MIROC-ESM-CHEM,inunriver_rcp4p5_MIROC-ESM-CHEM_2080_rp00010,http://wri-projects.s3.amazonaws.com/AqueductFloodTool/download/v2/inunriver_rcp4p5_MIROC-ESM-CHEM_2080_rp00010.tif
fluvial,inunriver_rcp4p5_MIROC-ESM-CHEM_2080_rp00025.tif,25,4.5,2080,MIROC-ESM-CHEM,inunriver_rcp4p5_MIROC-ESM-CHEM_2080_rp00025,http://wri-projects.s3.amazonaws.com/AqueductFloodTool/download/v2/inunriver_rcp4p5_MIROC-ESM-CHEM_2080_rp00025.tif
fluvial,inunriver_rcp4p5_MIROC-ESM-CHEM_2080_rp00050.tif,50,4.5,2080,MIROC-ESM-CHEM,inunriver_rcp4p5_MIROC-ESM-CHEM_2080_rp00050,http://wri-projects.s3.amazonaws.com/AqueductFloodTool/download/v2/inunriver_rcp4p5_MIROC-ESM-CHEM_2080_rp00050.tif
fluvial,inunriver_rcp4p5_MIROC-ESM-CHEM_2080_rp00100.tif,100,4.5,2080,MIROC-ESM-CHEM,inunriver_rcp4p5_MIROC-ESM-CHEM_2080_rp00100,http://wri-projects.s3.amazonaws.com/AqueductFloodTool/download/v2/inunriver_rcp4p5_MIROC-ESM-CHEM_2080_rp00100.tif
fluvial,inunriver_rcp4p5_MIROC-ESM-CHEM_2080_rp00250.tif,250,4.5,2080,MIROC-ESM-CHEM,inunriver_rcp4p5_MIROC-ESM-CHEM_2080_rp00250,http://wri-projects.s3.amazonaws.com/AqueductFloodTool/download/v2/inunriver_rcp4p5_MIROC-ESM-CHEM_2080_rp00250.tif
fluvial,inunriver_rcp4p5_MIROC-ESM-CHEM_2080_rp00500.tif,500,4.5,2080,MIROC-ESM-CHEM,inunriver_rcp4p5_MIROC-ESM-CHEM_2080_rp00500,http://wri-projects.s3.amazonaws.com/AqueductFloodTool/download/v2/inunriver_rcp4p5_MIROC-ESM-CHEM_2080_rp00500.tif
fluvial,inunriver_rcp4p5_MIROC-ESM-CHEM_2080_rp01000.tif,1000,4.5,2080,MIROC-ESM-CHEM,inunriver_rcp4p5_MIROC-ESM-CHEM_2080_rp01000,http://wri-projects.s3.amazonaws.com/AqueductFloodTool/download/v2/inunriver_rcp4p5_MIROC-ESM-CHEM_2080_rp01000.tif
fluvial,inunriver_rcp8p5_00000NorESM1-M_2030_rp00002.tif,2,8.5,2030,NorESM1-M,inunriver_rcp8p5_00000NorESM1-M_2030_rp00002,http://wri-projects.s3.amazonaws.com/AqueductFloodTool/download/v2/inunriver_rcp8p5_00000NorESM1-M_2030_rp00002.tif
fluvial,inunriver_rcp8p5_00000NorESM1-M_2030_rp00005.tif,5,8.5,2030,NorESM1-M,inunriver_rcp8p5_00000NorESM1-M_2030_rp00005,http://wri-projects.s3.amazonaws.com/AqueductFloodTool/download/v2/inunriver_rcp8p5_00000NorESM1-M_2030_rp00005.tif
fluvial,inunriver_rcp8p5_00000NorESM1-M_2030_rp00010.tif,10,8.5,2030,NorESM1-M,inunriver_rcp8p5_00000NorESM1-M_2030_rp00010,http://wri-projects.s3.amazonaws.com/AqueductFloodTool/download/v2/inunriver_rcp8p5_00000NorESM1-M_2030_rp00010.tif
fluvial,inunriver_rcp8p5_00000NorESM1-M_2030_rp00025.tif,25,8.5,2030,NorESM1-M,inunriver_rcp8p5_00000NorESM1-M_2030_rp00025,http://wri-projects.s3.amazonaws.com/AqueductFloodTool/download/v2/inunriver_rcp8p5_00000NorESM1-M_2030_rp00025.tif
fluvial,inunriver_rcp8p5_00000NorESM1-M_2030_rp00050.tif,50,8.5,2030,NorESM1-M,inunriver_rcp8p5_00000NorESM1-M_2030_rp00050,http://wri-projects.s3.amazonaws.com/AqueductFloodTool/download/v2/inunriver_rcp8p5_00000NorESM1-M_2030_rp00050.tif
fluvial,inunriver_rcp8p5_00000NorESM1-M_2030_rp00100.tif,100,8.5,2030,NorESM1-M,inunriver_rcp8p5_00000NorESM1-M_2030_rp00100,http://wri-projects.s3.amazonaws.com/AqueductFloodTool/download/v2/inunriver_rcp8p5_00000NorESM1-M_2030_rp00100.tif
fluvial,inunriver_rcp8p5_00000NorESM1-M_2030_rp00250.tif,250,8.5,2030,NorESM1-M,inunriver_rcp8p5_00000NorESM1-M_2030_rp00250,http://wri-projects.s3.amazonaws.com/AqueductFloodTool/download/v2/inunriver_rcp8p5_00000NorESM1-M_2030_rp00250.tif
fluvial,inunriver_rcp8p5_00000NorESM1-M_2030_rp00500.tif,500,8.5,2030,NorESM1-M,inunriver_rcp8p5_00000NorESM1-M_2030_rp00500,http://wri-projects.s3.amazonaws.com/AqueductFloodTool/download/v2/inunriver_rcp8p5_00000NorESM1-M_2030_rp00500.tif
fluvial,inunriver_rcp8p5_00000NorESM1-M_2030_rp01000.tif,1000,8.5,2030,NorESM1-M,inunriver_rcp8p5_00000NorESM1-M_2030_rp01000,http://wri-projects.s3.amazonaws.com/AqueductFloodTool/download/v2/inunriver_rcp8p5_00000NorESM1-M_2030_rp01000.tif
fluvial,inunriver_rcp8p5_00000NorESM1-M_2050_rp00002.tif,2,8.5,2050,NorESM1-M,inunriver_rcp8p5_00000NorESM1-M_2050_rp00002,http://wri-projects.s3.amazonaws.com/AqueductFloodTool/download/v2/inunriver_rcp8p5_00000NorESM1-M_2050_rp00002.tif
fluvial,inunriver_rcp8p5_00000NorESM1-M_2050_rp00005.tif,5,8.5,2050,NorESM1-M,inunriver_rcp8p5_00000NorESM1-M_2050_rp00005,http://wri-projects.s3.amazonaws.com/AqueductFloodTool/download/v2/inunriver_rcp8p5_00000NorESM1-M_2050_rp00005.tif
fluvial,inunriver_rcp8p5_00000NorESM1-M_2050_rp00010.tif,10,8.5,2050,NorESM1-M,inunriver_rcp8p5_00000NorESM1-M_2050_rp00010,http://wri-projects.s3.amazonaws.com/AqueductFloodTool/download/v2/inunriver_rcp8p5_00000NorESM1-M_2050_rp00010.tif
fluvial,inunriver_rcp8p5_00000NorESM1-M_2050_rp00025.tif,25,8.5,2050,NorESM1-M,inunriver_rcp8p5_00000NorESM1-M_2050_rp00025,http://wri-projects.s3.amazonaws.com/AqueductFloodTool/download/v2/inunriver_rcp8p5_00000NorESM1-M_2050_rp00025.tif
fluvial,inunriver_rcp8p5_00000NorESM1-M_2050_rp00050.tif,50,8.5,2050,NorESM1-M,inunriver_rcp8p5_00000NorESM1-M_2050_rp00050,http://wri-projects.s3.amazonaws.com/AqueductFloodTool/download/v2/inunriver_rcp8p5_00000NorESM1-M_2050_rp00050.tif
fluvial,inunriver_rcp8p5_00000NorESM1-M_2050_rp00100.tif,100,8.5,2050,NorESM1-M,inunriver_rcp8p5_00000NorESM1-M_2050_rp00100,http://wri-projects.s3.amazonaws.com/AqueductFloodTool/download/v2/inunriver_rcp8p5_00000NorESM1-M_2050_rp00100.tif
fluvial,inunriver_rcp8p5_00000NorESM1-M_2050_rp00250.tif,250,8.5,2050,NorESM1-M,inunriver_rcp8p5_00000NorESM1-M_2050_rp00250,http://wri-projects.s3.amazonaws.com/AqueductFloodTool/download/v2/inunriver_rcp8p5_00000NorESM1-M_2050_rp00250.tif
fluvial,inunriver_rcp8p5_00000NorESM1-M_2050_rp00500.tif,500,8.5,2050,NorESM1-M,inunriver_rcp8p5_00000NorESM1-M_2050_rp00500,http://wri-projects.s3.amazonaws.com/AqueductFloodTool/download/v2/inunriver_rcp8p5_00000NorESM1-M_2050_rp00500.tif
fluvial,inunriver_rcp8p5_00000NorESM1-M_2050_rp01000.tif,1000,8.5,2050,NorESM1-M,inunriver_rcp8p5_00000NorESM1-M_2050_rp01000,http://wri-projects.s3.amazonaws.com/AqueductFloodTool/download/v2/inunriver_rcp8p5_00000NorESM1-M_2050_rp01000.tif
fluvial,inunriver_rcp8p5_00000NorESM1-M_2080_rp00002.tif,2,8.5,2080,NorESM1-M,inunriver_rcp8p5_00000NorESM1-M_2080_rp00002,http://wri-projects.s3.amazonaws.com/AqueductFloodTool/download/v2/inunriver_rcp8p5_00000NorESM1-M_2080_rp00002.tif
fluvial,inunriver_rcp8p5_00000NorESM1-M_2080_rp00005.tif,5,8.5,2080,NorESM1-M,inunriver_rcp8p5_00000NorESM1-M_2080_rp00005,http://wri-projects.s3.amazonaws.com/AqueductFloodTool/download/v2/inunriver_rcp8p5_00000NorESM1-M_2080_rp00005.tif
fluvial,inunriver_rcp8p5_00000NorESM1-M_2080_rp00010.tif,10,8.5,2080,NorESM1-M,inunriver_rcp8p5_00000NorESM1-M_2080_rp00010,http://wri-projects.s3.amazonaws.com/AqueductFloodTool/download/v2/inunriver_rcp8p5_00000NorESM1-M_2080_rp00010.tif
fluvial,inunriver_rcp8p5_00000NorESM1-M_2080_rp00025.tif,25,8.5,2080,NorESM1-M,inunriver_rcp8p5_00000NorESM1-M_2080_rp00025,http://wri-projects.s3.amazonaws.com/AqueductFloodTool/download/v2/inunriver_rcp8p5_00000NorESM1-M_2080_rp00025.tif
fluvial,inunriver_rcp8p5_00000NorESM1-M_2080_rp00050.tif,50,8.5,2080,NorESM1-M,inunriver_rcp8p5_00000NorESM1-M_2080_rp00050,http://wri-projects.s3.amazonaws.com/AqueductFloodTool/download/v2/inunriver_rcp8p5_00000NorESM1-M_2080_rp00050.tif
fluvial,inunriver_rcp8p5_00000NorESM1-M_2080_rp00100.tif,100,8.5,2080,NorESM1-M,inunriver_rcp8p5_00000NorESM1-M_2080_rp00100,http://wri-projects.s3.amazonaws.com/AqueductFloodTool/download/v2/inunriver_rcp8p5_00000NorESM1-M_2080_rp00100.tif
fluvial,inunriver_rcp8p5_00000NorESM1-M_2080_rp00250.tif,250,8.5,2080,NorESM1-M,inunriver_rcp8p5_00000NorESM1-M_2080_rp00250,http://wri-projects.s3.amazonaws.com/AqueductFloodTool/download/v2/inunriver_rcp8p5_00000NorESM1-M_2080_rp00250.tif
fluvial,inunriver_rcp8p5_00000NorESM1-M_2080_rp00500.tif,500,8.5,2080,NorESM1-M,inunriver_rcp8p5_00000NorESM1-M_2080_rp00500,http://wri-projects.s3.amazonaws.com/AqueductFloodTool/download/v2/inunriver_rcp8p5_00000NorESM1-M_2080_rp00500.tif
fluvial,inunriver_rcp8p5_00000NorESM1-M_2080_rp01000.tif,1000,8.5,2080,NorESM1-M,inunriver_rcp8p5_00000NorESM1-M_2080_rp01000,http://wri-projects.s3.amazonaws.com/AqueductFloodTool/download/v2/inunriver_rcp8p5_00000NorESM1-M_2080_rp01000.tif
fluvial,inunriver_rcp8p5_0000GFDL-ESM2M_2030_rp00002.tif,2,8.5,2030,GFDL-ESM2M,inunriver_rcp8p5_0000GFDL-ESM2M_2030_rp00002,http://wri-projects.s3.amazonaws.com/AqueductFloodTool/download/v2/inunriver_rcp8p5_0000GFDL-ESM2M_2030_rp00002.tif
fluvial,inunriver_rcp8p5_0000GFDL-ESM2M_2030_rp00005.tif,5,8.5,2030,GFDL-ESM2M,inunriver_rcp8p5_0000GFDL-ESM2M_2030_rp00005,http://wri-projects.s3.amazonaws.com/AqueductFloodTool/download/v2/inunriver_rcp8p5_0000GFDL-ESM2M_2030_rp00005.tif
fluvial,inunriver_rcp8p5_0000GFDL-ESM2M_2030_rp00010.tif,10,8.5,2030,GFDL-ESM2M,inunriver_rcp8p5_0000GFDL-ESM2M_2030_rp00010,http://wri-projects.s3.amazonaws.com/AqueductFloodTool/download/v2/inunriver_rcp8p5_0000GFDL-ESM2M_2030_rp00010.tif
fluvial,inunriver_rcp8p5_0000GFDL-ESM2M_2030_rp00025.tif,25,8.5,2030,GFDL-ESM2M,inunriver_rcp8p5_0000GFDL-ESM2M_2030_rp00025,http://wri-projects.s3.amazonaws.com/AqueductFloodTool/download/v2/inunriver_rcp8p5_0000GFDL-ESM2M_2030_rp00025.tif
fluvial,inunriver_rcp8p5_0000GFDL-ESM2M_2030_rp00050.tif,50,8.5,2030,GFDL-ESM2M,inunriver_rcp8p5_0000GFDL-ESM2M_2030_rp00050,http://wri-projects.s3.amazonaws.com/AqueductFloodTool/download/v2/inunriver_rcp8p5_0000GFDL-ESM2M_2030_rp00050.tif
fluvial,inunriver_rcp8p5_0000GFDL-ESM2M_2030_rp00100.tif,100,8.5,2030,GFDL-ESM2M,inunriver_rcp8p5_0000GFDL-ESM2M_2030_rp00100,http://wri-projects.s3.amazonaws.com/AqueductFloodTool/download/v2/inunriver_rcp8p5_0000GFDL-ESM2M_2030_rp00100.tif
fluvial,inunriver_rcp8p5_0000GFDL-ESM2M_2030_rp00250.tif,250,8.5,2030,GFDL-ESM2M,inunriver_rcp8p5_0000GFDL-ESM2M_2030_rp00250,http://wri-projects.s3.amazonaws.com/AqueductFloodTool/download/v2/inunriver_rcp8p5_0000GFDL-ESM2M_2030_rp00250.tif
fluvial,inunriver_rcp8p5_0000GFDL-ESM2M_2030_rp00500.tif,500,8.5,2030,GFDL-ESM2M,inunriver_rcp8p5_0000GFDL-ESM2M_2030_rp00500,http://wri-projects.s3.amazonaws.com/AqueductFloodTool/download/v2/inunriver_rcp8p5_0000GFDL-ESM2M_2030_rp00500.tif
fluvial,inunriver_rcp8p5_0000GFDL-ESM2M_2030_rp01000.tif,1000,8.5,2030,GFDL-ESM2M,inunriver_rcp8p5_0000GFDL-ESM2M_2030_rp01000,http://wri-projects.s3.amazonaws.com/AqueductFloodTool/download/v2/inunriver_rcp8p5_0000GFDL-ESM2M_2030_rp01000.tif
fluvial,inunriver_rcp8p5_0000GFDL-ESM2M_2050_rp00002.tif,2,8.5,2050,GFDL-ESM2M,inunriver_rcp8p5_0000GFDL-ESM2M_2050_rp00002,http://wri-projects.s3.amazonaws.com/AqueductFloodTool/download/v2/inunriver_rcp8p5_0000GFDL-ESM2M_2050_rp00002.tif
fluvial,inunriver_rcp8p5_0000GFDL-ESM2M_2050_rp00005.tif,5,8.5,2050,GFDL-ESM2M,inunriver_rcp8p5_0000GFDL-ESM2M_2050_rp00005,http://wri-projects.s3.amazonaws.com/AqueductFloodTool/download/v2/inunriver_rcp8p5_0000GFDL-ESM2M_2050_rp00005.tif
fluvial,inunriver_rcp8p5_0000GFDL-ESM2M_2050_rp00010.tif,10,8.5,2050,GFDL-ESM2M,inunriver_rcp8p5_0000GFDL-ESM2M_2050_rp00010,http://wri-projects.s3.amazonaws.com/AqueductFloodTool/download/v2/inunriver_rcp8p5_0000GFDL-ESM2M_2050_rp00010.tif
fluvial,inunriver_rcp8p5_0000GFDL-ESM2M_2050_rp00025.tif,25,8.5,2050,GFDL-ESM2M,inunriver_rcp8p5_0000GFDL-ESM2M_2050_rp00025,http://wri-projects.s3.amazonaws.com/AqueductFloodTool/download/v2/inunriver_rcp8p5_0000GFDL-ESM2M_2050_rp00025.tif
fluvial,inunriver_rcp8p5_0000GFDL-ESM2M_2050_rp00050.tif,50,8.5,2050,GFDL-ESM2M,inunriver_rcp8p5_0000GFDL-ESM2M_2050_rp00050,http://wri-projects.s3.amazonaws.com/AqueductFloodTool/download/v2/inunriver_rcp8p5_0000GFDL-ESM2M_2050_rp00050.tif
fluvial,inunriver_rcp8p5_0000GFDL-ESM2M_2050_rp00100.tif,100,8.5,2050,GFDL-ESM2M,inunriver_rcp8p5_0000GFDL-ESM2M_2050_rp00100,http://wri-projects.s3.amazonaws.com/AqueductFloodTool/download/v2/inunriver_rcp8p5_0000GFDL-ESM2M_2050_rp00100.tif
fluvial,inunriver_rcp8p5_0000GFDL-ESM2M_2050_rp00250.tif,250,8.5,2050,GFDL-ESM2M,inunriver_rcp8p5_0000GFDL-ESM2M_2050_rp00250,http://wri-projects.s3.amazonaws.com/AqueductFloodTool/download/v2/inunriver_rcp8p5_0000GFDL-ESM2M_2050_rp00250.tif
fluvial,inunriver_rcp8p5_0000GFDL-ESM2M_2050_rp00500.tif,500,8.5,2050,GFDL-ESM2M,inunriver_rcp8p5_0000GFDL-ESM2M_2050_rp00500,http://wri-projects.s3.amazonaws.com/AqueductFloodTool/download/v2/inunriver_rcp8p5_0000GFDL-ESM2M_2050_rp00500.tif
fluvial,inunriver_rcp8p5_0000GFDL-ESM2M_2050_rp01000.tif,1000,8.5,2050,GFDL-ESM2M,inunriver_rcp8p5_0000GFDL-ESM2M_2050_rp01000,http://wri-projects.s3.amazonaws.com/AqueductFloodTool/download/v2/inunriver_rcp8p5_0000GFDL-ESM2M_2050_rp01000.tif
fluvial,inunriver_rcp8p5_0000GFDL-ESM2M_2080_rp00002.tif,2,8.5,2080,GFDL-ESM2M,inunriver_rcp8p5_0000GFDL-ESM2M_2080_rp00002,http://wri-projects.s3.amazonaws.com/AqueductFloodTool/download/v2/inunriver_rcp8p5_0000GFDL-ESM2M_2080_rp00002.tif
fluvial,inunriver_rcp8p5_0000GFDL-ESM2M_2080_rp00005.tif,5,8.5,2080,GFDL-ESM2M,inunriver_rcp8p5_0000GFDL-ESM2M_2080_rp00005,http://wri-projects.s3.amazonaws.com/AqueductFloodTool/download/v2/inunriver_rcp8p5_0000GFDL-ESM2M_2080_rp00005.tif
fluvial,inunriver_rcp8p5_0000GFDL-ESM2M_2080_rp00010.tif,10,8.5,2080,GFDL-ESM2M,inunriver_rcp8p5_0000GFDL-ESM2M_2080_rp00010,http://wri-projects.s3.amazonaws.com/AqueductFloodTool/download/v2/inunriver_rcp8p5_0000GFDL-ESM2M_2080_rp00010.tif
fluvial,inunriver_rcp8p5_0000GFDL-ESM2M_2080_rp00025.tif,25,8.5,2080,GFDL-ESM2M,inunriver_rcp8p5_0000GFDL-ESM2M_2080_rp00025,http://wri-projects.s3.amazonaws.com/AqueductFloodTool/download/v2/inunriver_rcp8p5_0000GFDL-ESM2M_2080_rp00025.tif
fluvial,inunriver_rcp8p5_0000GFDL-ESM2M_2080_rp00050.tif,50,8.5,2080,GFDL-ESM2M,inunriver_rcp8p5_0000GFDL-ESM2M_2080_rp00050,http://wri-projects.s3.amazonaws.com/AqueductFloodTool/download/v2/inunriver_rcp8p5_0000GFDL-ESM2M_2080_rp00050.tif
fluvial,inunriver_rcp8p5_0000GFDL-ESM2M_2080_rp00100.tif,100,8.5,2080,GFDL-ESM2M,inunriver_rcp8p5_0000GFDL-ESM2M_2080_rp00100,http://wri-projects.s3.amazonaws.com/AqueductFloodTool/download/v2/inunriver_rcp8p5_0000GFDL-ESM2M_2080_rp00100.tif
fluvial,inunriver_rcp8p5_0000GFDL-ESM2M_2080_rp00250.tif,250,8.5,2080,GFDL-ESM2M,inunriver_rcp8p5_0000GFDL-ESM2M_2080_rp00250,http://wri-projects.s3.amazonaws.com/AqueductFloodTool/download/v2/inunriver_rcp8p5_0000GFDL-ESM2M_2080_rp00250.tif
fluvial,inunriver_rcp8p5_0000GFDL-ESM2M_2080_rp00500.tif,500,8.5,2080,GFDL-ESM2M,inunriver_rcp8p5_0000GFDL-ESM2M_2080_rp00500,http://wri-projects.s3.amazonaws.com/AqueductFloodTool/download/v2/inunriver_rcp8p5_0000GFDL-ESM2M_2080_rp00500.tif
fluvial,inunriver_rcp8p5_0000GFDL-ESM2M_2080_rp01000.tif,1000,8.5,2080,GFDL-ESM2M,inunriver_rcp8p5_0000GFDL-ESM2M_2080_rp01000,http://wri-projects.s3.amazonaws.com/AqueductFloodTool/download/v2/inunriver_rcp8p5_0000GFDL-ESM2M_2080_rp01000.tif
fluvial,inunriver_rcp8p5_0000HadGEM2-ES_2030_rp00002.tif,2,8.5,2030,HadGEM2-ES,inunriver_rcp8p5_0000HadGEM2-ES_2030_rp00002,http://wri-projects.s3.amazonaws.com/AqueductFloodTool/download/v2/inunriver_rcp8p5_0000HadGEM2-ES_2030_rp00002.tif
fluvial,inunriver_rcp8p5_0000HadGEM2-ES_2030_rp00005.tif,5,8.5,2030,HadGEM2-ES,inunriver_rcp8p5_0000HadGEM2-ES_2030_rp00005,http://wri-projects.s3.amazonaws.com/AqueductFloodTool/download/v2/inunriver_rcp8p5_0000HadGEM2-ES_2030_rp00005.tif
fluvial,inunriver_rcp8p5_0000HadGEM2-ES_2030_rp00010.tif,10,8.5,2030,HadGEM2-ES,inunriver_rcp8p5_0000HadGEM2-ES_2030_rp00010,http://wri-projects.s3.amazonaws.com/AqueductFloodTool/download/v2/inunriver_rcp8p5_0000HadGEM2-ES_2030_rp00010.tif
fluvial,inunriver_rcp8p5_0000HadGEM2-ES_2030_rp00025.tif,25,8.5,2030,HadGEM2-ES,inunriver_rcp8p5_0000HadGEM2-ES_2030_rp00025,http://wri-projects.s3.amazonaws.com/AqueductFloodTool/download/v2/inunriver_rcp8p5_0000HadGEM2-ES_2030_rp00025.tif
fluvial,inunriver_rcp8p5_0000HadGEM2-ES_2030_rp00050.tif,50,8.5,2030,HadGEM2-ES,inunriver_rcp8p5_0000HadGEM2-ES_2030_rp00050,http://wri-projects.s3.amazonaws.com/AqueductFloodTool/download/v2/inunriver_rcp8p5_0000HadGEM2-ES_2030_rp00050.tif
fluvial,inunriver_rcp8p5_0000HadGEM2-ES_2030_rp00100.tif,100,8.5,2030,HadGEM2-ES,inunriver_rcp8p5_0000HadGEM2-ES_2030_rp00100,http://wri-projects.s3.amazonaws.com/AqueductFloodTool/download/v2/inunriver_rcp8p5_0000HadGEM2-ES_2030_rp00100.tif
fluvial,inunriver_rcp8p5_0000HadGEM2-ES_2030_rp00250.tif,250,8.5,2030,HadGEM2-ES,inunriver_rcp8p5_0000HadGEM2-ES_2030_rp00250,http://wri-projects.s3.amazonaws.com/AqueductFloodTool/download/v2/inunriver_rcp8p5_0000HadGEM2-ES_2030_rp00250.tif
fluvial,inunriver_rcp8p5_0000HadGEM2-ES_2030_rp00500.tif,500,8.5,2030,HadGEM2-ES,inunriver_rcp8p5_0000HadGEM2-ES_2030_rp00500,http://wri-projects.s3.amazonaws.com/AqueductFloodTool/download/v2/inunriver_rcp8p5_0000HadGEM2-ES_2030_rp00500.tif
fluvial,inunriver_rcp8p5_0000HadGEM2-ES_2030_rp01000.tif,1000,8.5,2030,HadGEM2-ES,inunriver_rcp8p5_0000HadGEM2-ES_2030_rp01000,http://wri-projects.s3.amazonaws.com/AqueductFloodTool/download/v2/inunriver_rcp8p5_0000HadGEM2-ES_2030_rp01000.tif
fluvial,inunriver_rcp8p5_0000HadGEM2-ES_2050_rp00002.tif,2,8.5,2050,HadGEM2-ES,inunriver_rcp8p5_0000HadGEM2-ES_2050_rp00002,http://wri-projects.s3.amazonaws.com/AqueductFloodTool/download/v2/inunriver_rcp8p5_0000HadGEM2-ES_2050_rp00002.tif
fluvial,inunriver_rcp8p5_0000HadGEM2-ES_2050_rp00005.tif,5,8.5,2050,HadGEM2-ES,inunriver_rcp8p5_0000HadGEM2-ES_2050_rp00005,http://wri-projects.s3.amazonaws.com/AqueductFloodTool/download/v2/inunriver_rcp8p5_0000HadGEM2-ES_2050_rp00005.tif
fluvial,inunriver_rcp8p5_0000HadGEM2-ES_2050_rp00010.tif,10,8.5,2050,HadGEM2-ES,inunriver_rcp8p5_0000HadGEM2-ES_2050_rp00010,http://wri-projects.s3.amazonaws.com/AqueductFloodTool/download/v2/inunriver_rcp8p5_0000HadGEM2-ES_2050_rp00010.tif
fluvial,inunriver_rcp8p5_0000HadGEM2-ES_2050_rp00025.tif,25,8.5,2050,HadGEM2-ES,inunriver_rcp8p5_0000HadGEM2-ES_2050_rp00025,http://wri-projects.s3.amazonaws.com/AqueductFloodTool/download/v2/inunriver_rcp8p5_0000HadGEM2-ES_2050_rp00025.tif
fluvial,inunriver_rcp8p5_0000HadGEM2-ES_2050_rp00050.tif,50,8.5,2050,HadGEM2-ES,inunriver_rcp8p5_0000HadGEM2-ES_2050_rp00050,http://wri-projects.s3.amazonaws.com/AqueductFloodTool/download/v2/inunriver_rcp8p5_0000HadGEM2-ES_2050_rp00050.tif
fluvial,inunriver_rcp8p5_0000HadGEM2-ES_2050_rp00100.tif,100,8.5,2050,HadGEM2-ES,inunriver_rcp8p5_0000HadGEM2-ES_2050_rp00100,http://wri-projects.s3.amazonaws.com/AqueductFloodTool/download/v2/inunriver_rcp8p5_0000HadGEM2-ES_2050_rp00100.tif
fluvial,inunriver_rcp8p5_0000HadGEM2-ES_2050_rp00250.tif,250,8.5,2050,HadGEM2-ES,inunriver_rcp8p5_0000HadGEM2-ES_2050_rp00250,http://wri-projects.s3.amazonaws.com/AqueductFloodTool/download/v2/inunriver_rcp8p5_0000HadGEM2-ES_2050_rp00250.tif
fluvial,inunriver_rcp8p5_0000HadGEM2-ES_2050_rp00500.tif,500,8.5,2050,HadGEM2-ES,inunriver_rcp8p5_0000HadGEM2-ES_2050_rp00500,http://wri-projects.s3.amazonaws.com/AqueductFloodTool/download/v2/inunriver_rcp8p5_0000HadGEM2-ES_2050_rp00500.tif
fluvial,inunriver_rcp8p5_0000HadGEM2-ES_2050_rp01000.tif,1000,8.5,2050,HadGEM2-ES,inunriver_rcp8p5_0000HadGEM2-ES_2050_rp01000,http://wri-projects.s3.amazonaws.com/AqueductFloodTool/download/v2/inunriver_rcp8p5_0000HadGEM2-ES_2050_rp01000.tif
fluvial,inunriver_rcp8p5_0000HadGEM2-ES_2080_rp00002.tif,2,8.5,2080,HadGEM2-ES,inunriver_rcp8p5_0000HadGEM2-ES_2080_rp00002,http://wri-projects.s3.amazonaws.com/AqueductFloodTool/download/v2/inunriver_rcp8p5_0000HadGEM2-ES_2080_rp00002.tif
fluvial,inunriver_rcp8p5_0000HadGEM2-ES_2080_rp00005.tif,5,8.5,2080,HadGEM2-ES,inunriver_rcp8p5_0000HadGEM2-ES_2080_rp00005,http://wri-projects.s3.amazonaws.com/AqueductFloodTool/download/v2/inunriver_rcp8p5_0000HadGEM2-ES_2080_rp00005.tif
fluvial,inunriver_rcp8p5_0000HadGEM2-ES_2080_rp00010.tif,10,8.5,2080,HadGEM2-ES,inunriver_rcp8p5_0000HadGEM2-ES_2080_rp00010,http://wri-projects.s3.amazonaws.com/AqueductFloodTool/download/v2/inunriver_rcp8p5_0000HadGEM2-ES_2080_rp00010.tif
fluvial,inunriver_rcp8p5_0000HadGEM2-ES_2080_rp00025.tif,25,8.5,2080,HadGEM2-ES,inunriver_rcp8p5_0000HadGEM2-ES_2080_rp00025,http://wri-projects.s3.amazonaws.com/AqueductFloodTool/download/v2/inunriver_rcp8p5_0000HadGEM2-ES_2080_rp00025.tif
fluvial,inunriver_rcp8p5_0000HadGEM2-ES_2080_rp00050.tif,50,8.5,2080,HadGEM2-ES,inunriver_rcp8p5_0000HadGEM2-ES_2080_rp00050,http://wri-projects.s3.amazonaws.com/AqueductFloodTool/download/v2/inunriver_rcp8p5_0000HadGEM2-ES_2080_rp00050.tif
fluvial,inunriver_rcp8p5_0000HadGEM2-ES_2080_rp00100.tif,100,8.5,2080,HadGEM2-ES,inunriver_rcp8p5_0000HadGEM2-ES_2080_rp00100,http://wri-projects.s3.amazonaws.com/AqueductFloodTool/download/v2/inunriver_rcp8p5_0000HadGEM2-ES_2080_rp00100.tif
fluvial,inunriver_rcp8p5_0000HadGEM2-ES_2080_rp00250.tif,250,8.5,2080,HadGEM2-ES,inunriver_rcp8p5_0000HadGEM2-ES_2080_rp00250,http://wri-projects.s3.amazonaws.com/AqueductFloodTool/download/v2/inunriver_rcp8p5_0000HadGEM2-ES_2080_rp00250.tif
fluvial,inunriver_rcp8p5_0000HadGEM2-ES_2080_rp00500.tif,500,8.5,2080,HadGEM2-ES,inunriver_rcp8p5_0000HadGEM2-ES_2080_rp00500,http://wri-projects.s3.amazonaws.com/AqueductFloodTool/download/v2/inunriver_rcp8p5_0000HadGEM2-ES_2080_rp00500.tif
fluvial,inunriver_rcp8p5_0000HadGEM2-ES_2080_rp01000.tif,1000,8.5,2080,HadGEM2-ES,inunriver_rcp8p5_0000HadGEM2-ES_2080_rp01000,http://wri-projects.s3.amazonaws.com/AqueductFloodTool/download/v2/inunriver_rcp8p5_0000HadGEM2-ES_2080_rp01000.tif
fluvial,inunriver_rcp8p5_00IPSL-CM5A-LR_2030_rp00002.tif,2,8.5,2030,IPSL-CM5A-LR,inunriver_rcp8p5_00IPSL-CM5A-LR_2030_rp00002,http://wri-projects.s3.amazonaws.com/AqueductFloodTool/download/v2/inunriver_rcp8p5_00IPSL-CM5A-LR_2030_rp00002.tif
fluvial,inunriver_rcp8p5_00IPSL-CM5A-LR_2030_rp00005.tif,5,8.5,2030,IPSL-CM5A-LR,inunriver_rcp8p5_00IPSL-CM5A-LR_2030_rp00005,http://wri-projects.s3.amazonaws.com/AqueductFloodTool/download/v2/inunriver_rcp8p5_00IPSL-CM5A-LR_2030_rp00005.tif
fluvial,inunriver_rcp8p5_00IPSL-CM5A-LR_2030_rp00010.tif,10,8.5,2030,IPSL-CM5A-LR,inunriver_rcp8p5_00IPSL-CM5A-LR_2030_rp00010,http://wri-projects.s3.amazonaws.com/AqueductFloodTool/download/v2/inunriver_rcp8p5_00IPSL-CM5A-LR_2030_rp00010.tif
fluvial,inunriver_rcp8p5_00IPSL-CM5A-LR_2030_rp00025.tif,25,8.5,2030,IPSL-CM5A-LR,inunriver_rcp8p5_00IPSL-CM5A-LR_2030_rp00025,http://wri-projects.s3.amazonaws.com/AqueductFloodTool/download/v2/inunriver_rcp8p5_00IPSL-CM5A-LR_2030_rp00025.tif
fluvial,inunriver_rcp8p5_00IPSL-CM5A-LR_2030_rp00050.tif,50,8.5,2030,IPSL-CM5A-LR,inunriver_rcp8p5_00IPSL-CM5A-LR_2030_rp00050,http://wri-projects.s3.amazonaws.com/AqueductFloodTool/download/v2/inunriver_rcp8p5_00IPSL-CM5A-LR_2030_rp00050.tif
fluvial,inunriver_rcp8p5_00IPSL-CM5A-LR_2030_rp00100.tif,100,8.5,2030,IPSL-CM5A-LR,inunriver_rcp8p5_00IPSL-CM5A-LR_2030_rp00100,http://wri-projects.s3.amazonaws.com/AqueductFloodTool/download/v2/inunriver_rcp8p5_00IPSL-CM5A-LR_2030_rp00100.tif
fluvial,inunriver_rcp8p5_00IPSL-CM5A-LR_2030_rp00250.tif,250,8.5,2030,IPSL-CM5A-LR,inunriver_rcp8p5_00IPSL-CM5A-LR_2030_rp00250,http://wri-projects.s3.amazonaws.com/AqueductFloodTool/download/v2/inunriver_rcp8p5_00IPSL-CM5A-LR_2030_rp00250.tif
fluvial,inunriver_rcp8p5_00IPSL-CM5A-LR_2030_rp00500.tif,500,8.5,2030,IPSL-CM5A-LR,inunriver_rcp8p5_00IPSL-CM5A-LR_2030_rp00500,http://wri-projects.s3.amazonaws.com/AqueductFloodTool/download/v2/inunriver_rcp8p5_00IPSL-CM5A-LR_2030_rp00500.tif
fluvial,inunriver_rcp8p5_00IPSL-CM5A-LR_2030_rp01000.tif,1000,8.5,2030,IPSL-CM5A-LR,inunriver_rcp8p5_00IPSL-CM5A-LR_2030_rp01000,http://wri-projects.s3.amazonaws.com/AqueductFloodTool/download/v2/inunriver_rcp8p5_00IPSL-CM5A-LR_2030_rp01000.tif
fluvial,inunriver_rcp8p5_00IPSL-CM5A-LR_2050_rp00002.tif,2,8.5,2050,IPSL-CM5A-LR,inunriver_rcp8p5_00IPSL-CM5A-LR_2050_rp00002,http://wri-projects.s3.amazonaws.com/AqueductFloodTool/download/v2/inunriver_rcp8p5_00IPSL-CM5A-LR_2050_rp00002.tif
fluvial,inunriver_rcp8p5_00IPSL-CM5A-LR_2050_rp00005.tif,5,8.5,2050,IPSL-CM5A-LR,inunriver_rcp8p5_00IPSL-CM5A-LR_2050_rp00005,http://wri-projects.s3.amazonaws.com/AqueductFloodTool/download/v2/inunriver_rcp8p5_00IPSL-CM5A-LR_2050_rp00005.tif
fluvial,inunriver_rcp8p5_00IPSL-CM5A-LR_2050_rp00010.tif,10,8.5,2050,IPSL-CM5A-LR,inunriver_rcp8p5_00IPSL-CM5A-LR_2050_rp00010,http://wri-projects.s3.amazonaws.com/AqueductFloodTool/download/v2/inunriver_rcp8p5_00IPSL-CM5A-LR_2050_rp00010.tif
fluvial,inunriver_rcp8p5_00IPSL-CM5A-LR_2050_rp00025.tif,25,8.5,2050,IPSL-CM5A-LR,inunriver_rcp8p5_00IPSL-CM5A-LR_2050_rp00025,http://wri-projects.s3.amazonaws.com/AqueductFloodTool/download/v2/inunriver_rcp8p5_00IPSL-CM5A-LR_2050_rp00025.tif
fluvial,inunriver_rcp8p5_00IPSL-CM5A-LR_2050_rp00050.tif,50,8.5,2050,IPSL-CM5A-LR,inunriver_rcp8p5_00IPSL-CM5A-LR_2050_rp00050,http://wri-projects.s3.amazonaws.com/AqueductFloodTool/download/v2/inunriver_rcp8p5_00IPSL-CM5A-LR_2050_rp00050.tif
fluvial,inunriver_rcp8p5_00IPSL-CM5A-LR_2050_rp00100.tif,100,8.5,2050,IPSL-CM5A-LR,inunriver_rcp8p5_00IPSL-CM5A-LR_2050_rp00100,http://wri-projects.s3.amazonaws.com/AqueductFloodTool/download/v2/inunriver_rcp8p5_00IPSL-CM5A-LR_2050_rp00100.tif
fluvial,inunriver_rcp8p5_00IPSL-CM5A-LR_2050_rp00250.tif,250,8.5,2050,IPSL-CM5A-LR,inunriver_rcp8p5_00IPSL-CM5A-LR_2050_rp00250,http://wri-projects.s3.amazonaws.com/AqueductFloodTool/download/v2/inunriver_rcp8p5_00IPSL-CM5A-LR_2050_rp00250.tif
fluvial,inunriver_rcp8p5_00IPSL-CM5A-LR_2050_rp00500.tif,500,8.5,2050,IPSL-CM5A-LR,inunriver_rcp8p5_00IPSL-CM5A-LR_2050_rp00500,http://wri-projects.s3.amazonaws.com/AqueductFloodTool/download/v2/inunriver_rcp8p5_00IPSL-CM5A-LR_2050_rp00500.tif
fluvial,inunriver_rcp8p5_00IPSL-CM5A-LR_2050_rp01000.tif,1000,8.5,2050,IPSL-CM5A-LR,inunriver_rcp8p5_00IPSL-CM5A-LR_2050_rp01000,http://wri-projects.s3.amazonaws.com/AqueductFloodTool/download/v2/inunriver_rcp8p5_00IPSL-CM5A-LR_2050_rp01000.tif
fluvial,inunriver_rcp8p5_00IPSL-CM5A-LR_2080_rp00002.tif,2,8.5,2080,IPSL-CM5A-LR,inunriver_rcp8p5_00IPSL-CM5A-LR_2080_rp00002,http://wri-projects.s3.amazonaws.com/AqueductFloodTool/download/v2/inunriver_rcp8p5_00IPSL-CM5A-LR_2080_rp00002.tif
fluvial,inunriver_rcp8p5_00IPSL-CM5A-LR_2080_rp00005.tif,5,8.5,2080,IPSL-CM5A-LR,inunriver_rcp8p5_00IPSL-CM5A-LR_2080_rp00005,http://wri-projects.s3.amazonaws.com/AqueductFloodTool/download/v2/inunriver_rcp8p5_00IPSL-CM5A-LR_2080_rp00005.tif
fluvial,inunriver_rcp8p5_00IPSL-CM5A-LR_2080_rp00010.tif,10,8.5,2080,IPSL-CM5A-LR,inunriver_rcp8p5_00IPSL-CM5A-LR_2080_rp00010,http://wri-projects.s3.amazonaws.com/AqueductFloodTool/download/v2/inunriver_rcp8p5_00IPSL-CM5A-LR_2080_rp00010.tif
fluvial,inunriver_rcp8p5_00IPSL-CM5A-LR_2080_rp00025.tif,25,8.5,2080,IPSL-CM5A-LR,inunriver_rcp8p5_00IPSL-CM5A-LR_2080_rp00025,http://wri-projects.s3.amazonaws.com/AqueductFloodTool/download/v2/inunriver_rcp8p5_00IPSL-CM5A-LR_2080_rp00025.tif
fluvial,inunriver_rcp8p5_00IPSL-CM5A-LR_2080_rp00050.tif,50,8.5,2080,IPSL-CM5A-LR,inunriver_rcp8p5_00IPSL-CM5A-LR_2080_rp00050,http://wri-projects.s3.amazonaws.com/AqueductFloodTool/download/v2/inunriver_rcp8p5_00IPSL-CM5A-LR_2080_rp00050.tif
fluvial,inunriver_rcp8p5_00IPSL-CM5A-LR_2080_rp00100.tif,100,8.5,2080,IPSL-CM5A-LR,inunriver_rcp8p5_00IPSL-CM5A-LR_2080_rp00100,http://wri-projects.s3.amazonaws.com/AqueductFloodTool/download/v2/inunriver_rcp8p5_00IPSL-CM5A-LR_2080_rp00100.tif
fluvial,inunriver_rcp8p5_00IPSL-CM5A-LR_2080_rp00250.tif,250,8.5,2080,IPSL-CM5A-LR,inunriver_rcp8p5_00IPSL-CM5A-LR_2080_rp00250,http://wri-projects.s3.amazonaws.com/AqueductFloodTool/download/v2/inunriver_rcp8p5_00IPSL-CM5A-LR_2080_rp00250.tif
fluvial,inunriver_rcp8p5_00IPSL-CM5A-LR_2080_rp00500.tif,500,8.5,2080,IPSL-CM5A-LR,inunriver_rcp8p5_00IPSL-CM5A-LR_2080_rp00500,http://wri-projects.s3.amazonaws.com/AqueductFloodTool/download/v2/inunriver_rcp8p5_00IPSL-CM5A-LR_2080_rp00500.tif
fluvial,inunriver_rcp8p5_00IPSL-CM5A-LR_2080_rp01000.tif,1000,8.5,2080,IPSL-CM5A-LR,inunriver_rcp8p5_00IPSL-CM5A-LR_2080_rp01000,http://wri-projects.s3.amazonaws.com/AqueductFloodTool/download/v2/inunriver_rcp8p5_00IPSL-CM5A-LR_2080_rp01000.tif
fluvial,inunriver_rcp8p5_MIROC-ESM-CHEM_2030_rp00002.tif,2,8.5,2030,MIROC-ESM-CHEM,inunriver_rcp8p5_MIROC-ESM-CHEM_2030_rp00002,http://wri-projects.s3.amazonaws.com/AqueductFloodTool/download/v2/inunriver_rcp8p5_MIROC-ESM-CHEM_2030_rp00002.tif
fluvial,inunriver_rcp8p5_MIROC-ESM-CHEM_2030_rp00005.tif,5,8.5,2030,MIROC-ESM-CHEM,inunriver_rcp8p5_MIROC-ESM-CHEM_2030_rp00005,http://wri-projects.s3.amazonaws.com/AqueductFloodTool/download/v2/inunriver_rcp8p5_MIROC-ESM-CHEM_2030_rp00005.tif
fluvial,inunriver_rcp8p5_MIROC-ESM-CHEM_2030_rp00010.tif,10,8.5,2030,MIROC-ESM-CHEM,inunriver_rcp8p5_MIROC-ESM-CHEM_2030_rp00010,http://wri-projects.s3.amazonaws.com/AqueductFloodTool/download/v2/inunriver_rcp8p5_MIROC-ESM-CHEM_2030_rp00010.tif
fluvial,inunriver_rcp8p5_MIROC-ESM-CHEM_2030_rp00025.tif,25,8.5,2030,MIROC-ESM-CHEM,inunriver_rcp8p5_MIROC-ESM-CHEM_2030_rp00025,http://wri-projects.s3.amazonaws.com/AqueductFloodTool/download/v2/inunriver_rcp8p5_MIROC-ESM-CHEM_2030_rp00025.tif
fluvial,inunriver_rcp8p5_MIROC-ESM-CHEM_2030_rp00050.tif,50,8.5,2030,MIROC-ESM-CHEM,inunriver_rcp8p5_MIROC-ESM-CHEM_2030_rp00050,http://wri-projects.s3.amazonaws.com/AqueductFloodTool/download/v2/inunriver_rcp8p5_MIROC-ESM-CHEM_2030_rp00050.tif
fluvial,inunriver_rcp8p5_MIROC-ESM-CHEM_2030_rp00100.tif,100,8.5,2030,MIROC-ESM-CHEM,inunriver_rcp8p5_MIROC-ESM-CHEM_2030_rp00100,http://wri-projects.s3.amazonaws.com/AqueductFloodTool/download/v2/inunriver_rcp8p5_MIROC-ESM-CHEM_2030_rp00100.tif
fluvial,inunriver_rcp8p5_MIROC-ESM-CHEM_2030_rp00250.tif,250,8.5,2030,MIROC-ESM-CHEM,inunriver_rcp8p5_MIROC-ESM-CHEM_2030_rp00250,http://wri-projects.s3.amazonaws.com/AqueductFloodTool/download/v2/inunriver_rcp8p5_MIROC-ESM-CHEM_2030_rp00250.tif
fluvial,inunriver_rcp8p5_MIROC-ESM-CHEM_2030_rp00500.tif,500,8.5,2030,MIROC-ESM-CHEM,inunriver_rcp8p5_MIROC-ESM-CHEM_2030_rp00500,http://wri-projects.s3.amazonaws.com/AqueductFloodTool/download/v2/inunriver_rcp8p5_MIROC-ESM-CHEM_2030_rp00500.tif
fluvial,inunriver_rcp8p5_MIROC-ESM-CHEM_2030_rp01000.tif,1000,8.5,2030,MIROC-ESM-CHEM,inunriver_rcp8p5_MIROC-ESM-CHEM_2030_rp01000,http://wri-projects.s3.amazonaws.com/AqueductFloodTool/download/v2/inunriver_rcp8p5_MIROC-ESM-CHEM_2030_rp01000.tif
fluvial,inunriver_rcp8p5_MIROC-ESM-CHEM_2050_rp00002.tif,2,8.5,2050,MIROC-ESM-CHEM,inunriver_rcp8p5_MIROC-ESM-CHEM_2050_rp00002,http://wri-projects.s3.amazonaws.com/AqueductFloodTool/download/v2/inunriver_rcp8p5_MIROC-ESM-CHEM_2050_rp00002.tif
fluvial,inunriver_rcp8p5_MIROC-ESM-CHEM_2050_rp00005.tif,5,8.5,2050,MIROC-ESM-CHEM,inunriver_rcp8p5_MIROC-ESM-CHEM_2050_rp00005,http://wri-projects.s3.amazonaws.com/AqueductFloodTool/download/v2/inunriver_rcp8p5_MIROC-ESM-CHEM_2050_rp00005.tif
fluvial,inunriver_rcp8p5_MIROC-ESM-CHEM_2050_rp00010.tif,10,8.5,2050,MIROC-ESM-CHEM,inunriver_rcp8p5_MIROC-ESM-CHEM_2050_rp00010,http://wri-projects.s3.amazonaws.com/AqueductFloodTool/download/v2/inunriver_rcp8p5_MIROC-ESM-CHEM_2050_rp00010.tif
fluvial,inunriver_rcp8p5_MIROC-ESM-CHEM_2050_rp00025.tif,25,8.5,2050,MIROC-ESM-CHEM,inunriver_rcp8p5_MIROC-ESM-CHEM_2050_rp00025,http://wri-projects.s3.amazonaws.com/AqueductFloodTool/download/v2/inunriver_rcp8p5_MIROC-ESM-CHEM_2050_rp00025.tif
fluvial,inunriver_rcp8p5_MIROC-ESM-CHEM_2050_rp00050.tif,50,8.5,2050,MIROC-ESM-CHEM,inunriver_rcp8p5_MIROC-ESM-CHEM_2050_rp00050,http://wri-projects.s3.amazonaws.com/AqueductFloodTool/download/v2/inunriver_rcp8p5_MIROC-ESM-CHEM_2050_rp00050.tif
fluvial,inunriver_rcp8p5_MIROC-ESM-CHEM_2050_rp00100.tif,100,8.5,2050,MIROC-ESM-CHEM,inunriver_rcp8p5_MIROC-ESM-CHEM_2050_rp00100,http://wri-projects.s3.amazonaws.com/AqueductFloodTool/download/v2/inunriver_rcp8p5_MIROC-ESM-CHEM_2050_rp00100.tif
fluvial,inunriver_rcp8p5_MIROC-ESM-CHEM_2050_rp00250.tif,250,8.5,2050,MIROC-ESM-CHEM,inunriver_rcp8p5_MIROC-ESM-CHEM_2050_rp00250,http://wri-projects.s3.amazonaws.com/AqueductFloodTool/download/v2/inunriver_rcp8p5_MIROC-ESM-CHEM_2050_rp00250.tif
fluvial,inunriver_rcp8p5_MIROC-ESM-CHEM_2050_rp00500.tif,500,8.5,2050,MIROC-ESM-CHEM,inunriver_rcp8p5_MIROC-ESM-CHEM_2050_rp00500,http://wri-projects.s3.amazonaws.com/AqueductFloodTool/download/v2/inunriver_rcp8p5_MIROC-ESM-CHEM_2050_rp00500.tif
fluvial,inunriver_rcp8p5_MIROC-ESM-CHEM_2050_rp01000.tif,1000,8.5,2050,MIROC-ESM-CHEM,inunriver_rcp8p5_MIROC-ESM-CHEM_2050_rp01000,http://wri-projects.s3.amazonaws.com/AqueductFloodTool/download/v2/inunriver_rcp8p5_MIROC-ESM-CHEM_2050_rp01000.tif
fluvial,inunriver_rcp8p5_MIROC-ESM-CHEM_2080_rp00002.tif,2,8.5,2080,MIROC-ESM-CHEM,inunriver_rcp8p5_MIROC-ESM-CHEM_2080_rp00002,http://wri-projects.s3.amazonaws.com/AqueductFloodTool/download/v2/inunriver_rcp8p5_MIROC-ESM-CHEM_2080_rp00002.tif
fluvial,inunriver_rcp8p5_MIROC-ESM-CHEM_2080_rp00005.tif,5,8.5,2080,MIROC-ESM-CHEM,inunriver_rcp8p5_MIROC-ESM-CHEM_2080_rp00005,http://wri-projects.s3.amazonaws.com/AqueductFloodTool/download/v2/inunriver_rcp8p5_MIROC-ESM-CHEM_2080_rp00005.tif
fluvial,inunriver_rcp8p5_MIROC-ESM-CHEM_2080_rp00010.tif,10,8.5,2080,MIROC-ESM-CHEM,inunriver_rcp8p5_MIROC-ESM-CHEM_2080_rp00010,http://wri-projects.s3.amazonaws.com/AqueductFloodTool/download/v2/inunriver_rcp8p5_MIROC-ESM-CHEM_2080_rp00010.tif
fluvial,inunriver_rcp8p5_MIROC-ESM-CHEM_2080_rp00025.tif,25,8.5,2080,MIROC-ESM-CHEM,inunriver_rcp8p5_MIROC-ESM-CHEM_2080_rp00025,http://wri-projects.s3.amazonaws.com/AqueductFloodTool/download/v2/inunriver_rcp8p5_MIROC-ESM-CHEM_2080_rp00025.tif
fluvial,inunriver_rcp8p5_MIROC-ESM-CHEM_2080_rp00050.tif,50,8.5,2080,MIROC-ESM-CHEM,inunriver_rcp8p5_MIROC-ESM-CHEM_2080_rp00050,http://wri-projects.s3.amazonaws.com/AqueductFloodTool/download/v2/inunriver_rcp8p5_MIROC-ESM-CHEM_2080_rp00050.tif
fluvial,inunriver_rcp8p5_MIROC-ESM-CHEM_2080_rp00100.tif,100,8.5,2080,MIROC-ESM-CHEM,inunriver_rcp8p5_MIROC-ESM-CHEM_2080_rp00100,http://wri-projects.s3.amazonaws.com/AqueductFloodTool/download/v2/inunriver_rcp8p5_MIROC-ESM-CHEM_2080_rp00100.tif
fluvial,inunriver_rcp8p5_MIROC-ESM-CHEM_2080_rp00250.tif,250,8.5,2080,MIROC-ESM-CHEM,inunriver_rcp8p5_MIROC-ESM-CHEM_2080_rp00250,http://wri-projects.s3.amazonaws.com/AqueductFloodTool/download/v2/inunriver_rcp8p5_MIROC-ESM-CHEM_2080_rp00250.tif
fluvial,inunriver_rcp8p5_MIROC-ESM-CHEM_2080_rp00500.tif,500,8.5,2080,MIROC-ESM-CHEM,inunriver_rcp8p5_MIROC-ESM-CHEM_2080_rp00500,http://wri-projects.s3.amazonaws.com/AqueductFloodTool/download/v2/inunriver_rcp8p5_MIROC-ESM-CHEM_2080_rp00500.tif
fluvial,inunriver_rcp8p5_MIROC-ESM-CHEM_2080_rp01000.tif,1000,8.5,2080,MIROC-ESM-CHEM,inunriver_rcp8p5_MIROC-ESM-CHEM_2080_rp01000,http://wri-projects.s3.amazonaws.com/AqueductFloodTool/download/v2/inunriver_rcp8p5_MIROC-ESM-CHEM_2080_rp01000.tif
