hazard,path,rp,gcm,key
cyclone,STORM_FIXED_RETURN_PERIODS_constant_1000_YR_RP.tif,1000,constant,STORM_FIXED_RETURN_PERIODS_constant_1000_YR_RP
cyclone,STORM_FIXED_RETURN_PERIODS_constant_5000_YR_RP.tif,5000,constant,STORM_FIXED_RETURN_PERIODS_constant_5000_YR_RP
cyclone,STORM_FIXED_RETURN_PERIODS_constant_30_YR_RP.tif,30,constant,STORM_FIXED_RETURN_PERIODS_constant_30_YR_RP
cyclone,STORM_FIXED_RETURN_PERIODS_constant_9000_YR_RP.tif,9000,constant,STORM_FIXED_RETURN_PERIODS_constant_9000_YR_RP
cyclone,STORM_FIXED_RETURN_PERIODS_constant_700_YR_RP.tif,700,constant,STORM_FIXED_RETURN_PERIODS_constant_700_YR_RP
cyclone,STORM_FIXED_RETURN_PERIODS_constant_2000_YR_RP.tif,2000,constant,STORM_FIXED_RETURN_PERIODS_constant_2000_YR_RP
cyclone,STORM_FIXED_RETURN_PERIODS_constant_20_YR_RP.tif,20,constant,STORM_FIXED_RETURN_PERIODS_constant_20_YR_RP
cyclone,STORM_FIXED_RETURN_PERIODS_constant_200_YR_RP.tif,200,constant,STORM_FIXED_RETURN_PERIODS_constant_200_YR_RP
cyclone,STORM_FIXED_RETURN_PERIODS_constant_400_YR_RP.tif,400,constant,STORM_FIXED_RETURN_PERIODS_constant_400_YR_RP
cyclone,STORM_FIXED_RETURN_PERIODS_constant_50_YR_RP.tif,50,constant,STORM_FIXED_RETURN_PERIODS_constant_50_YR_RP
cyclone,STORM_FIXED_RETURN_PERIODS_constant_6000_YR_RP.tif,6000,constant,STORM_FIXED_RETURN_PERIODS_constant_6000_YR_RP
cyclone,STORM_FIXED_RETURN_PERIODS_constant_8000_YR_RP.tif,8000,constant,STORM_FIXED_RETURN_PERIODS_constant_8000_YR_RP
cyclone,STORM_FIXED_RETURN_PERIODS_constant_3000_YR_RP.tif,3000,constant,STORM_FIXED_RETURN_PERIODS_constant_3000_YR_RP
cyclone,STORM_FIXED_RETURN_PERIODS_constant_80_YR_RP.tif,80,constant,STORM_FIXED_RETURN_PERIODS_constant_80_YR_RP
cyclone,STORM_FIXED_RETURN_PERIODS_constant_10000_YR_RP.tif,10000,constant,STORM_FIXED_RETURN_PERIODS_constant_10000_YR_RP
cyclone,STORM_FIXED_RETURN_PERIODS_constant_900_YR_RP.tif,900,constant,STORM_FIXED_RETURN_PERIODS_constant_900_YR_RP
cyclone,STORM_FIXED_RETURN_PERIODS_constant_600_YR_RP.tif,600,constant,STORM_FIXED_RETURN_PERIODS_constant_600_YR_RP
cyclone,STORM_FIXED_RETURN_PERIODS_constant_40_YR_RP.tif,40,constant,STORM_FIXED_RETURN_PERIODS_constant_40_YR_RP
cyclone,STORM_FIXED_RETURN_PERIODS_constant_60_YR_RP.tif,60,constant,STORM_FIXED_RETURN_PERIODS_constant_60_YR_RP
cyclone,STORM_FIXED_RETURN_PERIODS_constant_7000_YR_RP.tif,7000,constant,STORM_FIXED_RETURN_PERIODS_constant_7000_YR_RP
cyclone,STORM_FIXED_RETURN_PERIODS_constant_70_YR_RP.tif,70,constant,STORM_FIXED_RETURN_PERIODS_constant_70_YR_RP
cyclone,STORM_FIXED_RETURN_PERIODS_constant_4000_YR_RP.tif,4000,constant,STORM_FIXED_RETURN_PERIODS_constant_4000_YR_RP
cyclone,STORM_FIXED_RETURN_PERIODS_constant_90_YR_RP.tif,90,constant,STORM_FIXED_RETURN_PERIODS_constant_90_YR_RP
cyclone,STORM_FIXED_RETURN_PERIODS_constant_500_YR_RP.tif,500,constant,STORM_FIXED_RETURN_PERIODS_constant_500_YR_RP
cyclone,STORM_FIXED_RETURN_PERIODS_constant_10_YR_RP.tif,10,constant,STORM_FIXED_RETURN_PERIODS_constant_10_YR_RP
cyclone,STORM_FIXED_RETURN_PERIODS_constant_300_YR_RP.tif,300,constant,STORM_FIXED_RETURN_PERIODS_constant_300_YR_RP
cyclone,STORM_FIXED_RETURN_PERIODS_constant_100_YR_RP.tif,100,constant,STORM_FIXED_RETURN_PERIODS_constant_100_YR_RP
cyclone,STORM_FIXED_RETURN_PERIODS_constant_800_YR_RP.tif,800,constant,STORM_FIXED_RETURN_PERIODS_constant_800_YR_RP
cyclone,STORM_FIXED_RETURN_PERIODS_CMCC-CM2-VHR4_10_YR_RP.tif,10,CMCC-CM2-VHR4,STORM_FIXED_RETURN_PERIODS_CMCC-CM2-VHR4_10_YR_RP
cyclone,STORM_FIXED_RETURN_PERIODS_CMCC-CM2-VHR4_8000_YR_RP.tif,8000,CMCC-CM2-VHR4,STORM_FIXED_RETURN_PERIODS_CMCC-CM2-VHR4_8000_YR_RP
cyclone,STORM_FIXED_RETURN_PERIODS_CMCC-CM2-VHR4_2000_YR_RP.tif,2000,CMCC-CM2-VHR4,STORM_FIXED_RETURN_PERIODS_CMCC-CM2-VHR4_2000_YR_RP
cyclone,STORM_FIXED_RETURN_PERIODS_CMCC-CM2-VHR4_300_YR_RP.tif,300,CMCC-CM2-VHR4,STORM_FIXED_RETURN_PERIODS_CMCC-CM2-VHR4_300_YR_RP
cyclone,STORM_FIXED_RETURN_PERIODS_CMCC-CM2-VHR4_10000_YR_RP.tif,10000,CMCC-CM2-VHR4,STORM_FIXED_RETURN_PERIODS_CMCC-CM2-VHR4_10000_YR_RP
cyclone,STORM_FIXED_RETURN_PERIODS_CMCC-CM2-VHR4_5000_YR_RP.tif,5000,CMCC-CM2-VHR4,STORM_FIXED_RETURN_PERIODS_CMCC-CM2-VHR4_5000_YR_RP
cyclone,STORM_FIXED_RETURN_PERIODS_CMCC-CM2-VHR4_70_YR_RP.tif,70,CMCC-CM2-VHR4,STORM_FIXED_RETURN_PERIODS_CMCC-CM2-VHR4_70_YR_RP
cyclone,STORM_FIXED_RETURN_PERIODS_CMCC-CM2-VHR4_90_YR_RP.tif,90,CMCC-CM2-VHR4,STORM_FIXED_RETURN_PERIODS_CMCC-CM2-VHR4_90_YR_RP
cyclone,STORM_FIXED_RETURN_PERIODS_CMCC-CM2-VHR4_3000_YR_RP.tif,3000,CMCC-CM2-VHR4,STORM_FIXED_RETURN_PERIODS_CMCC-CM2-VHR4_3000_YR_RP
cyclone,STORM_FIXED_RETURN_PERIODS_CMCC-CM2-VHR4_6000_YR_RP.tif,6000,CMCC-CM2-VHR4,STORM_FIXED_RETURN_PERIODS_CMCC-CM2-VHR4_6000_YR_RP
cyclone,STORM_FIXED_RETURN_PERIODS_CMCC-CM2-VHR4_600_YR_RP.tif,600,CMCC-CM2-VHR4,STORM_FIXED_RETURN_PERIODS_CMCC-CM2-VHR4_600_YR_RP
cyclone,STORM_FIXED_RETURN_PERIODS_CMCC-CM2-VHR4_50_YR_RP.tif,50,CMCC-CM2-VHR4,STORM_FIXED_RETURN_PERIODS_CMCC-CM2-VHR4_50_YR_RP
cyclone,STORM_FIXED_RETURN_PERIODS_CMCC-CM2-VHR4_800_YR_RP.tif,800,CMCC-CM2-VHR4,STORM_FIXED_RETURN_PERIODS_CMCC-CM2-VHR4_800_YR_RP
cyclone,STORM_FIXED_RETURN_PERIODS_CMCC-CM2-VHR4_200_YR_RP.tif,200,CMCC-CM2-VHR4,STORM_FIXED_RETURN_PERIODS_CMCC-CM2-VHR4_200_YR_RP
cyclone,STORM_FIXED_RETURN_PERIODS_CMCC-CM2-VHR4_1000_YR_RP.tif,1000,CMCC-CM2-VHR4,STORM_FIXED_RETURN_PERIODS_CMCC-CM2-VHR4_1000_YR_RP
cyclone,STORM_FIXED_RETURN_PERIODS_CMCC-CM2-VHR4_30_YR_RP.tif,30,CMCC-CM2-VHR4,STORM_FIXED_RETURN_PERIODS_CMCC-CM2-VHR4_30_YR_RP
cyclone,STORM_FIXED_RETURN_PERIODS_CMCC-CM2-VHR4_100_YR_RP.tif,100,CMCC-CM2-VHR4,STORM_FIXED_RETURN_PERIODS_CMCC-CM2-VHR4_100_YR_RP
cyclone,STORM_FIXED_RETURN_PERIODS_CMCC-CM2-VHR4_700_YR_RP.tif,700,CMCC-CM2-VHR4,STORM_FIXED_RETURN_PERIODS_CMCC-CM2-VHR4_700_YR_RP
cyclone,STORM_FIXED_RETURN_PERIODS_CMCC-CM2-VHR4_60_YR_RP.tif,60,CMCC-CM2-VHR4,STORM_FIXED_RETURN_PERIODS_CMCC-CM2-VHR4_60_YR_RP
cyclone,STORM_FIXED_RETURN_PERIODS_CMCC-CM2-VHR4_7000_YR_RP.tif,7000,CMCC-CM2-VHR4,STORM_FIXED_RETURN_PERIODS_CMCC-CM2-VHR4_7000_YR_RP
cyclone,STORM_FIXED_RETURN_PERIODS_CMCC-CM2-VHR4_80_YR_RP.tif,80,CMCC-CM2-VHR4,STORM_FIXED_RETURN_PERIODS_CMCC-CM2-VHR4_80_YR_RP
cyclone,STORM_FIXED_RETURN_PERIODS_CMCC-CM2-VHR4_40_YR_RP.tif,40,CMCC-CM2-VHR4,STORM_FIXED_RETURN_PERIODS_CMCC-CM2-VHR4_40_YR_RP
cyclone,STORM_FIXED_RETURN_PERIODS_CMCC-CM2-VHR4_500_YR_RP.tif,500,CMCC-CM2-VHR4,STORM_FIXED_RETURN_PERIODS_CMCC-CM2-VHR4_500_YR_RP
cyclone,STORM_FIXED_RETURN_PERIODS_CMCC-CM2-VHR4_9000_YR_RP.tif,9000,CMCC-CM2-VHR4,STORM_FIXED_RETURN_PERIODS_CMCC-CM2-VHR4_9000_YR_RP
cyclone,STORM_FIXED_RETURN_PERIODS_CMCC-CM2-VHR4_400_YR_RP.tif,400,CMCC-CM2-VHR4,STORM_FIXED_RETURN_PERIODS_CMCC-CM2-VHR4_400_YR_RP
cyclone,STORM_FIXED_RETURN_PERIODS_CMCC-CM2-VHR4_4000_YR_RP.tif,4000,CMCC-CM2-VHR4,STORM_FIXED_RETURN_PERIODS_CMCC-CM2-VHR4_4000_YR_RP
cyclone,STORM_FIXED_RETURN_PERIODS_CMCC-CM2-VHR4_20_YR_RP.tif,20,CMCC-CM2-VHR4,STORM_FIXED_RETURN_PERIODS_CMCC-CM2-VHR4_20_YR_RP
cyclone,STORM_FIXED_RETURN_PERIODS_CMCC-CM2-VHR4_900_YR_RP.tif,900,CMCC-CM2-VHR4,STORM_FIXED_RETURN_PERIODS_CMCC-CM2-VHR4_900_YR_RP
cyclone,STORM_FIXED_RETURN_PERIODS_CNRM-CM6-1-HR_20_YR_RP.tif,20,CNRM-CM6-1-HR,STORM_FIXED_RETURN_PERIODS_CNRM-CM6-1-HR_20_YR_RP
cyclone,STORM_FIXED_RETURN_PERIODS_CNRM-CM6-1-HR_600_YR_RP.tif,600,CNRM-CM6-1-HR,STORM_FIXED_RETURN_PERIODS_CNRM-CM6-1-HR_600_YR_RP
cyclone,STORM_FIXED_RETURN_PERIODS_CNRM-CM6-1-HR_10000_YR_RP.tif,10000,CNRM-CM6-1-HR,STORM_FIXED_RETURN_PERIODS_CNRM-CM6-1-HR_10000_YR_RP
cyclone,STORM_FIXED_RETURN_PERIODS_CNRM-CM6-1-HR_100_YR_RP.tif,100,CNRM-CM6-1-HR,STORM_FIXED_RETURN_PERIODS_CNRM-CM6-1-HR_100_YR_RP
cyclone,STORM_FIXED_RETURN_PERIODS_CNRM-CM6-1-HR_900_YR_RP.tif,900,CNRM-CM6-1-HR,STORM_FIXED_RETURN_PERIODS_CNRM-CM6-1-HR_900_YR_RP
cyclone,STORM_FIXED_RETURN_PERIODS_CNRM-CM6-1-HR_6000_YR_RP.tif,6000,CNRM-CM6-1-HR,STORM_FIXED_RETURN_PERIODS_CNRM-CM6-1-HR_6000_YR_RP
cyclone,STORM_FIXED_RETURN_PERIODS_CNRM-CM6-1-HR_800_YR_RP.tif,800,CNRM-CM6-1-HR,STORM_FIXED_RETURN_PERIODS_CNRM-CM6-1-HR_800_YR_RP
cyclone,STORM_FIXED_RETURN_PERIODS_CNRM-CM6-1-HR_500_YR_RP.tif,500,CNRM-CM6-1-HR,STORM_FIXED_RETURN_PERIODS_CNRM-CM6-1-HR_500_YR_RP
cyclone,STORM_FIXED_RETURN_PERIODS_CNRM-CM6-1-HR_60_YR_RP.tif,60,CNRM-CM6-1-HR,STORM_FIXED_RETURN_PERIODS_CNRM-CM6-1-HR_60_YR_RP
cyclone,STORM_FIXED_RETURN_PERIODS_CNRM-CM6-1-HR_5000_YR_RP.tif,5000,CNRM-CM6-1-HR,STORM_FIXED_RETURN_PERIODS_CNRM-CM6-1-HR_5000_YR_RP
cyclone,STORM_FIXED_RETURN_PERIODS_CNRM-CM6-1-HR_40_YR_RP.tif,40,CNRM-CM6-1-HR,STORM_FIXED_RETURN_PERIODS_CNRM-CM6-1-HR_40_YR_RP
cyclone,STORM_FIXED_RETURN_PERIODS_CNRM-CM6-1-HR_70_YR_RP.tif,70,CNRM-CM6-1-HR,STORM_FIXED_RETURN_PERIODS_CNRM-CM6-1-HR_70_YR_RP
cyclone,STORM_FIXED_RETURN_PERIODS_CNRM-CM6-1-HR_30_YR_RP.tif,30,CNRM-CM6-1-HR,STORM_FIXED_RETURN_PERIODS_CNRM-CM6-1-HR_30_YR_RP
cyclone,STORM_FIXED_RETURN_PERIODS_CNRM-CM6-1-HR_8000_YR_RP.tif,8000,CNRM-CM6-1-HR,STORM_FIXED_RETURN_PERIODS_CNRM-CM6-1-HR_8000_YR_RP
cyclone,STORM_FIXED_RETURN_PERIODS_CNRM-CM6-1-HR_2000_YR_RP.tif,2000,CNRM-CM6-1-HR,STORM_FIXED_RETURN_PERIODS_CNRM-CM6-1-HR_2000_YR_RP
cyclone,STORM_FIXED_RETURN_PERIODS_CNRM-CM6-1-HR_9000_YR_RP.tif,9000,CNRM-CM6-1-HR,STORM_FIXED_RETURN_PERIODS_CNRM-CM6-1-HR_9000_YR_RP
cyclone,STORM_FIXED_RETURN_PERIODS_CNRM-CM6-1-HR_1000_YR_RP.tif,1000,CNRM-CM6-1-HR,STORM_FIXED_RETURN_PERIODS_CNRM-CM6-1-HR_1000_YR_RP
cyclone,STORM_FIXED_RETURN_PERIODS_CNRM-CM6-1-HR_90_YR_RP.tif,90,CNRM-CM6-1-HR,STORM_FIXED_RETURN_PERIODS_CNRM-CM6-1-HR_90_YR_RP
cyclone,STORM_FIXED_RETURN_PERIODS_CNRM-CM6-1-HR_3000_YR_RP.tif,3000,CNRM-CM6-1-HR,STORM_FIXED_RETURN_PERIODS_CNRM-CM6-1-HR_3000_YR_RP
cyclone,STORM_FIXED_RETURN_PERIODS_CNRM-CM6-1-HR_400_YR_RP.tif,400,CNRM-CM6-1-HR,STORM_FIXED_RETURN_PERIODS_CNRM-CM6-1-HR_400_YR_RP
cyclone,STORM_FIXED_RETURN_PERIODS_CNRM-CM6-1-HR_10_YR_RP.tif,10,CNRM-CM6-1-HR,STORM_FIXED_RETURN_PERIODS_CNRM-CM6-1-HR_10_YR_RP
cyclone,STORM_FIXED_RETURN_PERIODS_CNRM-CM6-1-HR_300_YR_RP.tif,300,CNRM-CM6-1-HR,STORM_FIXED_RETURN_PERIODS_CNRM-CM6-1-HR_300_YR_RP
cyclone,STORM_FIXED_RETURN_PERIODS_CNRM-CM6-1-HR_200_YR_RP.tif,200,CNRM-CM6-1-HR,STORM_FIXED_RETURN_PERIODS_CNRM-CM6-1-HR_200_YR_RP
cyclone,STORM_FIXED_RETURN_PERIODS_CNRM-CM6-1-HR_4000_YR_RP.tif,4000,CNRM-CM6-1-HR,STORM_FIXED_RETURN_PERIODS_CNRM-CM6-1-HR_4000_YR_RP
cyclone,STORM_FIXED_RETURN_PERIODS_CNRM-CM6-1-HR_80_YR_RP.tif,80,CNRM-CM6-1-HR,STORM_FIXED_RETURN_PERIODS_CNRM-CM6-1-HR_80_YR_RP
cyclone,STORM_FIXED_RETURN_PERIODS_CNRM-CM6-1-HR_7000_YR_RP.tif,7000,CNRM-CM6-1-HR,STORM_FIXED_RETURN_PERIODS_CNRM-CM6-1-HR_7000_YR_RP
cyclone,STORM_FIXED_RETURN_PERIODS_CNRM-CM6-1-HR_700_YR_RP.tif,700,CNRM-CM6-1-HR,STORM_FIXED_RETURN_PERIODS_CNRM-CM6-1-HR_700_YR_RP
cyclone,STORM_FIXED_RETURN_PERIODS_CNRM-CM6-1-HR_50_YR_RP.tif,50,CNRM-CM6-1-HR,STORM_FIXED_RETURN_PERIODS_CNRM-CM6-1-HR_50_YR_RP
cyclone,STORM_FIXED_RETURN_PERIODS_HadGEM3-GC31-HM_60_YR_RP.tif,60,HadGEM3-GC31-HM,STORM_FIXED_RETURN_PERIODS_HadGEM3-GC31-HM_60_YR_RP
cyclone,STORM_FIXED_RETURN_PERIODS_HadGEM3-GC31-HM_90_YR_RP.tif,90,HadGEM3-GC31-HM,STORM_FIXED_RETURN_PERIODS_HadGEM3-GC31-HM_90_YR_RP
cyclone,STORM_FIXED_RETURN_PERIODS_HadGEM3-GC31-HM_5000_YR_RP.tif,5000,HadGEM3-GC31-HM,STORM_FIXED_RETURN_PERIODS_HadGEM3-GC31-HM_5000_YR_RP
cyclone,STORM_FIXED_RETURN_PERIODS_HadGEM3-GC31-HM_6000_YR_RP.tif,6000,HadGEM3-GC31-HM,STORM_FIXED_RETURN_PERIODS_HadGEM3-GC31-HM_6000_YR_RP
cyclone,STORM_FIXED_RETURN_PERIODS_HadGEM3-GC31-HM_1000_YR_RP.tif,1000,HadGEM3-GC31-HM,STORM_FIXED_RETURN_PERIODS_HadGEM3-GC31-HM_1000_YR_RP
cyclone,STORM_FIXED_RETURN_PERIODS_HadGEM3-GC31-HM_50_YR_RP.tif,50,HadGEM3-GC31-HM,STORM_FIXED_RETURN_PERIODS_HadGEM3-GC31-HM_50_YR_RP
cyclone,STORM_FIXED_RETURN_PERIODS_HadGEM3-GC31-HM_100_YR_RP.tif,100,HadGEM3-GC31-HM,STORM_FIXED_RETURN_PERIODS_HadGEM3-GC31-HM_100_YR_RP
cyclone,STORM_FIXED_RETURN_PERIODS_HadGEM3-GC31-HM_70_YR_RP.tif,70,HadGEM3-GC31-HM,STORM_FIXED_RETURN_PERIODS_HadGEM3-GC31-HM_70_YR_RP
cyclone,STORM_FIXED_RETURN_PERIODS_HadGEM3-GC31-HM_30_YR_RP.tif,30,HadGEM3-GC31-HM,STORM_FIXED_RETURN_PERIODS_HadGEM3-GC31-HM_30_YR_RP
cyclone,STORM_FIXED_RETURN_PERIODS_HadGEM3-GC31-HM_500_YR_RP.tif,500,HadGEM3-GC31-HM,STORM_FIXED_RETURN_PERIODS_HadGEM3-GC31-HM_500_YR_RP
cyclone,STORM_FIXED_RETURN_PERIODS_HadGEM3-GC31-HM_9000_YR_RP.tif,9000,HadGEM3-GC31-HM,STORM_FIXED_RETURN_PERIODS_HadGEM3-GC31-HM_9000_YR_RP
cyclone,STORM_FIXED_RETURN_PERIODS_HadGEM3-GC31-HM_20_YR_RP.tif,20,HadGEM3-GC31-HM,STORM_FIXED_RETURN_PERIODS_HadGEM3-GC31-HM_20_YR_RP
cyclone,STORM_FIXED_RETURN_PERIODS_HadGEM3-GC31-HM_300_YR_RP.tif,300,HadGEM3-GC31-HM,STORM_FIXED_RETURN_PERIODS_HadGEM3-GC31-HM_300_YR_RP
cyclone,STORM_FIXED_RETURN_PERIODS_HadGEM3-GC31-HM_200_YR_RP.tif,200,HadGEM3-GC31-HM,STORM_FIXED_RETURN_PERIODS_HadGEM3-GC31-HM_200_YR_RP
cyclone,STORM_FIXED_RETURN_PERIODS_HadGEM3-GC31-HM_3000_YR_RP.tif,3000,HadGEM3-GC31-HM,STORM_FIXED_RETURN_PERIODS_HadGEM3-GC31-HM_3000_YR_RP
cyclone,STORM_FIXED_RETURN_PERIODS_HadGEM3-GC31-HM_400_YR_RP.tif,400,HadGEM3-GC31-HM,STORM_FIXED_RETURN_PERIODS_HadGEM3-GC31-HM_400_YR_RP
cyclone,STORM_FIXED_RETURN_PERIODS_HadGEM3-GC31-HM_2000_YR_RP.tif.tif,2000,HadGEM3-GC31-HM,STORM_FIXED_RETURN_PERIODS_HadGEM3-GC31-HM_2000_YR_RP
cyclone,STORM_FIXED_RETURN_PERIODS_HadGEM3-GC31-HM_4000_YR_RP.tif,4000,HadGEM3-GC31-HM,STORM_FIXED_RETURN_PERIODS_HadGEM3-GC31-HM_4000_YR_RP
cyclone,STORM_FIXED_RETURN_PERIODS_HadGEM3-GC31-HM_2000_YR_RP.tif,2000,HadGEM3-GC31-HM,STORM_FIXED_RETURN_PERIODS_HadGEM3-GC31-HM_2000_YR_RP
cyclone,STORM_FIXED_RETURN_PERIODS_HadGEM3-GC31-HM_800_YR_RP.tif,800,HadGEM3-GC31-HM,STORM_FIXED_RETURN_PERIODS_HadGEM3-GC31-HM_800_YR_RP
cyclone,STORM_FIXED_RETURN_PERIODS_HadGEM3-GC31-HM_700_YR_RP.tif,700,HadGEM3-GC31-HM,STORM_FIXED_RETURN_PERIODS_HadGEM3-GC31-HM_700_YR_RP
cyclone,STORM_FIXED_RETURN_PERIODS_HadGEM3-GC31-HM_10000_YR_RP.tif,10000,HadGEM3-GC31-HM,STORM_FIXED_RETURN_PERIODS_HadGEM3-GC31-HM_10000_YR_RP
cyclone,STORM_FIXED_RETURN_PERIODS_HadGEM3-GC31-HM_10_YR_RP.tif,10,HadGEM3-GC31-HM,STORM_FIXED_RETURN_PERIODS_HadGEM3-GC31-HM_10_YR_RP
cyclone,STORM_FIXED_RETURN_PERIODS_HadGEM3-GC31-HM_600_YR_RP.tif,600,HadGEM3-GC31-HM,STORM_FIXED_RETURN_PERIODS_HadGEM3-GC31-HM_600_YR_RP
cyclone,STORM_FIXED_RETURN_PERIODS_HadGEM3-GC31-HM_40_YR_RP.tif,40,HadGEM3-GC31-HM,STORM_FIXED_RETURN_PERIODS_HadGEM3-GC31-HM_40_YR_RP
cyclone,STORM_FIXED_RETURN_PERIODS_HadGEM3-GC31-HM_7000_YR_RP.tif,7000,HadGEM3-GC31-HM,STORM_FIXED_RETURN_PERIODS_HadGEM3-GC31-HM_7000_YR_RP
cyclone,STORM_FIXED_RETURN_PERIODS_HadGEM3-GC31-HM_8000_YR_RP.tif,8000,HadGEM3-GC31-HM,STORM_FIXED_RETURN_PERIODS_HadGEM3-GC31-HM_8000_YR_RP
cyclone,STORM_FIXED_RETURN_PERIODS_HadGEM3-GC31-HM_900_YR_RP.tif,900,HadGEM3-GC31-HM,STORM_FIXED_RETURN_PERIODS_HadGEM3-GC31-HM_900_YR_RP
cyclone,STORM_FIXED_RETURN_PERIODS_HadGEM3-GC31-HM_80_YR_RP.tif,80,HadGEM3-GC31-HM,STORM_FIXED_RETURN_PERIODS_HadGEM3-GC31-HM_80_YR_RP
cyclone,STORM_FIXED_RETURN_PERIODS_EC-Earth3P-HR_1000_YR_RP.tif,1000,EC-Earth3P-HR,STORM_FIXED_RETURN_PERIODS_EC-Earth3P-HR_1000_YR_RP
cyclone,STORM_FIXED_RETURN_PERIODS_EC-Earth3P-HR_5000_YR_RP.tif,5000,EC-Earth3P-HR,STORM_FIXED_RETURN_PERIODS_EC-Earth3P-HR_5000_YR_RP
cyclone,STORM_FIXED_RETURN_PERIODS_EC-Earth3P-HR_4000_YR_RP.tif,4000,EC-Earth3P-HR,STORM_FIXED_RETURN_PERIODS_EC-Earth3P-HR_4000_YR_RP
cyclone,STORM_FIXED_RETURN_PERIODS_EC-Earth3P-HR_10_YR_RP.tif,10,EC-Earth3P-HR,STORM_FIXED_RETURN_PERIODS_EC-Earth3P-HR_10_YR_RP
cyclone,STORM_FIXED_RETURN_PERIODS_EC-Earth3P-HR_100_YR_RP.tif,100,EC-Earth3P-HR,STORM_FIXED_RETURN_PERIODS_EC-Earth3P-HR_100_YR_RP
cyclone,STORM_FIXED_RETURN_PERIODS_EC-Earth3P-HR_50_YR_RP.tif,50,EC-Earth3P-HR,STORM_FIXED_RETURN_PERIODS_EC-Earth3P-HR_50_YR_RP
cyclone,STORM_FIXED_RETURN_PERIODS_EC-Earth3P-HR_2000_YR_RP.tif,2000,EC-Earth3P-HR,STORM_FIXED_RETURN_PERIODS_EC-Earth3P-HR_2000_YR_RP
cyclone,STORM_FIXED_RETURN_PERIODS_EC-Earth3P-HR_3000_YR_RP.tif,3000,EC-Earth3P-HR,STORM_FIXED_RETURN_PERIODS_EC-Earth3P-HR_3000_YR_RP
cyclone,STORM_FIXED_RETURN_PERIODS_EC-Earth3P-HR_10000_YR_RP.tif,10000,EC-Earth3P-HR,STORM_FIXED_RETURN_PERIODS_EC-Earth3P-HR_10000_YR_RP
cyclone,STORM_FIXED_RETURN_PERIODS_EC-Earth3P-HR_800_YR_RP.tif,800,EC-Earth3P-HR,STORM_FIXED_RETURN_PERIODS_EC-Earth3P-HR_800_YR_RP
cyclone,STORM_FIXED_RETURN_PERIODS_EC-Earth3P-HR_60_YR_RP.tif,60,EC-Earth3P-HR,STORM_FIXED_RETURN_PERIODS_EC-Earth3P-HR_60_YR_RP
cyclone,STORM_FIXED_RETURN_PERIODS_EC-Earth3P-HR_7000_YR_RP.tif,7000,EC-Earth3P-HR,STORM_FIXED_RETURN_PERIODS_EC-Earth3P-HR_7000_YR_RP
cyclone,STORM_FIXED_RETURN_PERIODS_EC-Earth3P-HR_30_YR_RP.tif,30,EC-Earth3P-HR,STORM_FIXED_RETURN_PERIODS_EC-Earth3P-HR_30_YR_RP
cyclone,STORM_FIXED_RETURN_PERIODS_EC-Earth3P-HR_200_YR_RP.tif,200,EC-Earth3P-HR,STORM_FIXED_RETURN_PERIODS_EC-Earth3P-HR_200_YR_RP
cyclone,STORM_FIXED_RETURN_PERIODS_EC-Earth3P-HR_400_YR_RP.tif,400,EC-Earth3P-HR,STORM_FIXED_RETURN_PERIODS_EC-Earth3P-HR_400_YR_RP
cyclone,STORM_FIXED_RETURN_PERIODS_EC-Earth3P-HR_90_YR_RP.tif,90,EC-Earth3P-HR,STORM_FIXED_RETURN_PERIODS_EC-Earth3P-HR_90_YR_RP
cyclone,STORM_FIXED_RETURN_PERIODS_EC-Earth3P-HR_70_YR_RP.tif,70,EC-Earth3P-HR,STORM_FIXED_RETURN_PERIODS_EC-Earth3P-HR_70_YR_RP
cyclone,STORM_FIXED_RETURN_PERIODS_EC-Earth3P-HR_40_YR_RP.tif,40,EC-Earth3P-HR,STORM_FIXED_RETURN_PERIODS_EC-Earth3P-HR_40_YR_RP
cyclone,STORM_FIXED_RETURN_PERIODS_EC-Earth3P-HR_6000_YR_RP.tif,6000,EC-Earth3P-HR,STORM_FIXED_RETURN_PERIODS_EC-Earth3P-HR_6000_YR_RP
cyclone,STORM_FIXED_RETURN_PERIODS_EC-Earth3P-HR_9000_YR_RP.tif,9000,EC-Earth3P-HR,STORM_FIXED_RETURN_PERIODS_EC-Earth3P-HR_9000_YR_RP
cyclone,STORM_FIXED_RETURN_PERIODS_EC-Earth3P-HR_80_YR_RP.tif,80,EC-Earth3P-HR,STORM_FIXED_RETURN_PERIODS_EC-Earth3P-HR_80_YR_RP
cyclone,STORM_FIXED_RETURN_PERIODS_EC-Earth3P-HR_900_YR_RP.tif,900,EC-Earth3P-HR,STORM_FIXED_RETURN_PERIODS_EC-Earth3P-HR_900_YR_RP
cyclone,STORM_FIXED_RETURN_PERIODS_EC-Earth3P-HR_700_YR_RP.tif,700,EC-Earth3P-HR,STORM_FIXED_RETURN_PERIODS_EC-Earth3P-HR_700_YR_RP
cyclone,STORM_FIXED_RETURN_PERIODS_EC-Earth3P-HR_500_YR_RP.tif,500,EC-Earth3P-HR,STORM_FIXED_RETURN_PERIODS_EC-Earth3P-HR_500_YR_RP
cyclone,STORM_FIXED_RETURN_PERIODS_EC-Earth3P-HR_300_YR_RP.tif,300,EC-Earth3P-HR,STORM_FIXED_RETURN_PERIODS_EC-Earth3P-HR_300_YR_RP
cyclone,STORM_FIXED_RETURN_PERIODS_EC-Earth3P-HR_8000_YR_RP.tif,8000,EC-Earth3P-HR,STORM_FIXED_RETURN_PERIODS_EC-Earth3P-HR_8000_YR_RP
cyclone,STORM_FIXED_RETURN_PERIODS_EC-Earth3P-HR_600_YR_RP.tif,600,EC-Earth3P-HR,STORM_FIXED_RETURN_PERIODS_EC-Earth3P-HR_600_YR_RP
cyclone,STORM_FIXED_RETURN_PERIODS_EC-Earth3P-HR_20_YR_RP.tif,20,EC-Earth3P-HR,STORM_FIXED_RETURN_PERIODS_EC-Earth3P-HR_20_YR_RP